research_category	feature_name	source_type	score_semantics	habitat	final_clade	final_clade_name	n_unique_MAG	completeness_mean	completeness_median	mean_raw_score_pct	mean_completeness_adjusted_score_pct	mean_score_delta_pct	raw_prevalence_ge_50_pct	adjusted_prevalence_ge_50_pct	prevalence_ge_50_delta_pct	raw_prevalence_ge_75_pct	adjusted_prevalence_ge_75_pct	prevalence_ge_75_delta_pct
Arsenic	Arsenate detoxification/resistance (arsC) marker carriage	Independent non-focal arsenic HMM-marker carriage	binary marker carriage	AS	Clade 1	Canonical AioA-associated	1	70.14	70.14	0	0	0	0	0	0	0	0	0
Arsenic	Arsenate detoxification/resistance (arsC) marker carriage	Independent non-focal arsenic HMM-marker carriage	binary marker carriage	AS	Clade 2	Unknown/uncertain DMSOR	1	51.44	51.44	0	0	0	0	0	0	0	0	0
Arsenic	Arsenate detoxification/resistance (arsC) marker carriage	Independent non-focal arsenic HMM-marker carriage	binary marker carriage	AS	Clade 3	IdrA-associated without complete DIRM-like synteny	1	70.14	70.14	0	0	0	0	0	0	0	0	0
Arsenic	Arsenate detoxification/resistance (arsC) marker carriage	Independent non-focal arsenic HMM-marker carriage	binary marker carriage	ES	Clade 3	IdrA-associated without complete DIRM-like synteny	6	70.235	71.215	50	50	0	50	50	0	50	50	0
Arsenic	Arsenate detoxification/resistance (arsC) marker carriage	Independent non-focal arsenic HMM-marker carriage	binary marker carriage	IS	Clade 1	Canonical AioA-associated	1	98.59	98.59	0	0	0	0	0	0	0	0	0
Arsenic	Arsenate detoxification/resistance (arsC) marker carriage	Independent non-focal arsenic HMM-marker carriage	binary marker carriage	IS	Clade 2	Unknown/uncertain DMSOR	5	69.596	65.87	0	0	0	0	0	0	0	0	0
Arsenic	Arsenate detoxification/resistance (arsC) marker carriage	Independent non-focal arsenic HMM-marker carriage	binary marker carriage	IS	Clade 3	IdrA-associated without complete DIRM-like synteny	12	78.9958333333333	82.715	58.3333333333333	58.3333333333333	0	58.3333333333333	58.3333333333333	0	58.3333333333333	58.3333333333333	0
Arsenic	Arsenate detoxification/resistance (arsC) marker carriage	Independent non-focal arsenic HMM-marker carriage	binary marker carriage	IS	Clade 4	IdrA-associated with DIRM-like synteny	20	89.293	95.11	85	85	0	85	85	0	85	85	0
Arsenic	Arsenate detoxification/resistance (arsC) marker carriage	Independent non-focal arsenic HMM-marker carriage	binary marker carriage	NS	Clade 1	Canonical AioA-associated	1	78.27	78.27	0	0	0	0	0	0	0	0	0
Arsenic	Arsenate detoxification/resistance (arsC) marker carriage	Independent non-focal arsenic HMM-marker carriage	binary marker carriage	NS	Clade 2	Unknown/uncertain DMSOR	1	79.77	79.77	0	0	0	0	0	0	0	0	0
Arsenic	Arsenite oxidation (arxA/aioA) marker carriage	Independent non-focal arsenic HMM-marker carriage	binary marker carriage	AS	Clade 1	Canonical AioA-associated	1	70.14	70.14	0	0	0	0	0	0	0	0	0
Arsenic	Arsenite oxidation (arxA/aioA) marker carriage	Independent non-focal arsenic HMM-marker carriage	binary marker carriage	AS	Clade 2	Unknown/uncertain DMSOR	1	51.44	51.44	0	0	0	0	0	0	0	0	0
Arsenic	Arsenite oxidation (arxA/aioA) marker carriage	Independent non-focal arsenic HMM-marker carriage	binary marker carriage	AS	Clade 3	IdrA-associated without complete DIRM-like synteny	1	70.14	70.14	0	0	0	0	0	0	0	0	0
Arsenic	Arsenite oxidation (arxA/aioA) marker carriage	Independent non-focal arsenic HMM-marker carriage	binary marker carriage	ES	Clade 3	IdrA-associated without complete DIRM-like synteny	6	70.235	71.215	0	0	0	0	0	0	0	0	0
Arsenic	Arsenite oxidation (arxA/aioA) marker carriage	Independent non-focal arsenic HMM-marker carriage	binary marker carriage	IS	Clade 1	Canonical AioA-associated	1	98.59	98.59	0	0	0	0	0	0	0	0	0
Arsenic	Arsenite oxidation (arxA/aioA) marker carriage	Independent non-focal arsenic HMM-marker carriage	binary marker carriage	IS	Clade 2	Unknown/uncertain DMSOR	5	69.596	65.87	0	0	0	0	0	0	0	0	0
Arsenic	Arsenite oxidation (arxA/aioA) marker carriage	Independent non-focal arsenic HMM-marker carriage	binary marker carriage	IS	Clade 3	IdrA-associated without complete DIRM-like synteny	12	78.9958333333333	82.715	0	0	0	0	0	0	0	0	0
Arsenic	Arsenite oxidation (arxA/aioA) marker carriage	Independent non-focal arsenic HMM-marker carriage	binary marker carriage	IS	Clade 4	IdrA-associated with DIRM-like synteny	20	89.293	95.11	0	0	0	0	0	0	0	0	0
Arsenic	Arsenite oxidation (arxA/aioA) marker carriage	Independent non-focal arsenic HMM-marker carriage	binary marker carriage	NS	Clade 1	Canonical AioA-associated	1	78.27	78.27	0	0	0	0	0	0	0	0	0
Arsenic	Arsenite oxidation (arxA/aioA) marker carriage	Independent non-focal arsenic HMM-marker carriage	binary marker carriage	NS	Clade 2	Unknown/uncertain DMSOR	1	79.77	79.77	0	0	0	0	0	0	0	0	0
Arsenic	Respiratory arsenate reduction (arrA) marker carriage	Independent non-focal arsenic HMM-marker carriage	binary marker carriage	AS	Clade 1	Canonical AioA-associated	1	70.14	70.14	0	0	0	0	0	0	0	0	0
Arsenic	Respiratory arsenate reduction (arrA) marker carriage	Independent non-focal arsenic HMM-marker carriage	binary marker carriage	AS	Clade 2	Unknown/uncertain DMSOR	1	51.44	51.44	0	0	0	0	0	0	0	0	0
Arsenic	Respiratory arsenate reduction (arrA) marker carriage	Independent non-focal arsenic HMM-marker carriage	binary marker carriage	AS	Clade 3	IdrA-associated without complete DIRM-like synteny	1	70.14	70.14	0	0	0	0	0	0	0	0	0
Arsenic	Respiratory arsenate reduction (arrA) marker carriage	Independent non-focal arsenic HMM-marker carriage	binary marker carriage	ES	Clade 3	IdrA-associated without complete DIRM-like synteny	6	70.235	71.215	0	0	0	0	0	0	0	0	0
Arsenic	Respiratory arsenate reduction (arrA) marker carriage	Independent non-focal arsenic HMM-marker carriage	binary marker carriage	IS	Clade 1	Canonical AioA-associated	1	98.59	98.59	0	0	0	0	0	0	0	0	0
Arsenic	Respiratory arsenate reduction (arrA) marker carriage	Independent non-focal arsenic HMM-marker carriage	binary marker carriage	IS	Clade 2	Unknown/uncertain DMSOR	5	69.596	65.87	0	0	0	0	0	0	0	0	0
Arsenic	Respiratory arsenate reduction (arrA) marker carriage	Independent non-focal arsenic HMM-marker carriage	binary marker carriage	IS	Clade 3	IdrA-associated without complete DIRM-like synteny	12	78.9958333333333	82.715	8.33333333333333	8.33333333333333	0	8.33333333333333	8.33333333333333	0	8.33333333333333	8.33333333333333	0
Arsenic	Respiratory arsenate reduction (arrA) marker carriage	Independent non-focal arsenic HMM-marker carriage	binary marker carriage	IS	Clade 4	IdrA-associated with DIRM-like synteny	20	89.293	95.11	10	10	0	10	10	0	10	10	0
Arsenic	Respiratory arsenate reduction (arrA) marker carriage	Independent non-focal arsenic HMM-marker carriage	binary marker carriage	NS	Clade 1	Canonical AioA-associated	1	78.27	78.27	0	0	0	0	0	0	0	0	0
Arsenic	Respiratory arsenate reduction (arrA) marker carriage	Independent non-focal arsenic HMM-marker carriage	binary marker carriage	NS	Clade 2	Unknown/uncertain DMSOR	1	79.77	79.77	0	0	0	0	0	0	0	0	0
Carbon	Acetyl-CoA pathway, CO2 => acetyl-CoA	Previous algorithm: distinct-gene set coverage	multi-gene partial reconstruction	AS	Clade 1	Canonical AioA-associated	1	70.14	70.14	0	0	0	0	0	0	0	0	0
Carbon	Acetyl-CoA pathway, CO2 => acetyl-CoA	Previous algorithm: distinct-gene set coverage	multi-gene partial reconstruction	AS	Clade 2	Unknown/uncertain DMSOR	1	51.44	51.44	0	0	0	0	0	0	0	0	0
Carbon	Acetyl-CoA pathway, CO2 => acetyl-CoA	Previous algorithm: distinct-gene set coverage	multi-gene partial reconstruction	AS	Clade 3	IdrA-associated without complete DIRM-like synteny	1	70.14	70.14	0	0	0	0	0	0	0	0	0
Carbon	Acetyl-CoA pathway, CO2 => acetyl-CoA	Previous algorithm: distinct-gene set coverage	multi-gene partial reconstruction	ES	Clade 3	IdrA-associated without complete DIRM-like synteny	6	70.235	71.215	0	0	0	0	0	0	0	0	0
Carbon	Acetyl-CoA pathway, CO2 => acetyl-CoA	Previous algorithm: distinct-gene set coverage	multi-gene partial reconstruction	IS	Clade 1	Canonical AioA-associated	1	98.59	98.59	0	0	0	0	0	0	0	0	0
Carbon	Acetyl-CoA pathway, CO2 => acetyl-CoA	Previous algorithm: distinct-gene set coverage	multi-gene partial reconstruction	IS	Clade 2	Unknown/uncertain DMSOR	5	69.596	65.87	0	0	0	0	0	0	0	0	0
Carbon	Acetyl-CoA pathway, CO2 => acetyl-CoA	Previous algorithm: distinct-gene set coverage	multi-gene partial reconstruction	IS	Clade 3	IdrA-associated without complete DIRM-like synteny	12	78.9958333333333	82.715	0	0	0	0	0	0	0	0	0
Carbon	Acetyl-CoA pathway, CO2 => acetyl-CoA	Previous algorithm: distinct-gene set coverage	multi-gene partial reconstruction	IS	Clade 4	IdrA-associated with DIRM-like synteny	20	89.293	95.11	0	0	0	0	0	0	0	0	0
Carbon	Acetyl-CoA pathway, CO2 => acetyl-CoA	Previous algorithm: distinct-gene set coverage	multi-gene partial reconstruction	NS	Clade 1	Canonical AioA-associated	1	78.27	78.27	0	0	0	0	0	0	0	0	0
Carbon	Acetyl-CoA pathway, CO2 => acetyl-CoA	Previous algorithm: distinct-gene set coverage	multi-gene partial reconstruction	NS	Clade 2	Unknown/uncertain DMSOR	1	79.77	79.77	0	0	0	0	0	0	0	0	0
Carbon	Citrate cycle (TCA cycle, Krebs cycle)	Previous algorithm: distinct-gene set coverage	multi-gene partial reconstruction	AS	Clade 1	Canonical AioA-associated	1	70.14	70.14	15	21.3857998289136	6.3857998289136	0	0	0	0	0	0
Carbon	Citrate cycle (TCA cycle, Krebs cycle)	Previous algorithm: distinct-gene set coverage	multi-gene partial reconstruction	AS	Clade 2	Unknown/uncertain DMSOR	1	51.44	51.44	22.5	43.7402799377916	21.2402799377916	0	0	0	0	0	0
Carbon	Citrate cycle (TCA cycle, Krebs cycle)	Previous algorithm: distinct-gene set coverage	multi-gene partial reconstruction	AS	Clade 3	IdrA-associated without complete DIRM-like synteny	1	70.14	70.14	15	21.3857998289136	6.3857998289136	0	0	0	0	0	0
Carbon	Citrate cycle (TCA cycle, Krebs cycle)	Previous algorithm: distinct-gene set coverage	multi-gene partial reconstruction	ES	Clade 3	IdrA-associated without complete DIRM-like synteny	6	70.235	71.215	27.0833333333333	39.1702155421198	12.0868822087864	0	16.6666666666667	16.6666666666667	0	0	0
Carbon	Citrate cycle (TCA cycle, Krebs cycle)	Previous algorithm: distinct-gene set coverage	multi-gene partial reconstruction	IS	Clade 1	Canonical AioA-associated	1	98.59	98.59	45	45.6435743990263	0.643574399026271	0	0	0	0	0	0
Carbon	Citrate cycle (TCA cycle, Krebs cycle)	Previous algorithm: distinct-gene set coverage	multi-gene partial reconstruction	IS	Clade 2	Unknown/uncertain DMSOR	5	69.596	65.87	22	31.1397149716496	9.13971497164964	0	0	0	0	0	0
Carbon	Citrate cycle (TCA cycle, Krebs cycle)	Previous algorithm: distinct-gene set coverage	multi-gene partial reconstruction	IS	Clade 3	IdrA-associated without complete DIRM-like synteny	12	78.9958333333333	82.715	33.3333333333333	43.0825018245706	9.74916849123727	0	16.6666666666667	16.6666666666667	0	0	0
Carbon	Citrate cycle (TCA cycle, Krebs cycle)	Previous algorithm: distinct-gene set coverage	multi-gene partial reconstruction	IS	Clade 4	IdrA-associated with DIRM-like synteny	20	89.293	95.11	36.75	41.7871329605932	5.03713296059325	5	15	10	0	0	0
Carbon	Citrate cycle (TCA cycle, Krebs cycle)	Previous algorithm: distinct-gene set coverage	multi-gene partial reconstruction	NS	Clade 1	Canonical AioA-associated	1	78.27	78.27	42.5	54.2992206464801	11.7992206464801	0	100	100	0	0	0
Carbon	Citrate cycle (TCA cycle, Krebs cycle)	Previous algorithm: distinct-gene set coverage	multi-gene partial reconstruction	NS	Clade 2	Unknown/uncertain DMSOR	1	79.77	79.77	10	12.5360411182149	2.53604111821487	0	0	0	0	0	0
Carbon	Citrate cycle, first carbon oxidation, oxaloacetate => 2-oxoglutarate	Previous algorithm: distinct-gene set coverage	multi-gene partial reconstruction	AS	Clade 1	Canonical AioA-associated	1	70.14	70.14	0	0	0	0	0	0	0	0	0
Carbon	Citrate cycle, first carbon oxidation, oxaloacetate => 2-oxoglutarate	Previous algorithm: distinct-gene set coverage	multi-gene partial reconstruction	AS	Clade 2	Unknown/uncertain DMSOR	1	51.44	51.44	16.6666666666667	32.4002073613272	15.7335406946605	0	0	0	0	0	0
Carbon	Citrate cycle, first carbon oxidation, oxaloacetate => 2-oxoglutarate	Previous algorithm: distinct-gene set coverage	multi-gene partial reconstruction	AS	Clade 3	IdrA-associated without complete DIRM-like synteny	1	70.14	70.14	0	0	0	0	0	0	0	0	0
Carbon	Citrate cycle, first carbon oxidation, oxaloacetate => 2-oxoglutarate	Previous algorithm: distinct-gene set coverage	multi-gene partial reconstruction	ES	Clade 3	IdrA-associated without complete DIRM-like synteny	6	70.235	71.215	13.8888888888889	20.7746115431052	6.88572265421631	0	16.6666666666667	16.6666666666667	0	0	0
Carbon	Citrate cycle, first carbon oxidation, oxaloacetate => 2-oxoglutarate	Previous algorithm: distinct-gene set coverage	multi-gene partial reconstruction	IS	Clade 1	Canonical AioA-associated	1	98.59	98.59	50	50.7150826655847	0.715082665584745	100	100	0	0	0	0
Carbon	Citrate cycle, first carbon oxidation, oxaloacetate => 2-oxoglutarate	Previous algorithm: distinct-gene set coverage	multi-gene partial reconstruction	IS	Clade 2	Unknown/uncertain DMSOR	5	69.596	65.87	23.3333333333333	33.2506563076006	9.91732297426728	0	0	0	0	0	0
Carbon	Citrate cycle, first carbon oxidation, oxaloacetate => 2-oxoglutarate	Previous algorithm: distinct-gene set coverage	multi-gene partial reconstruction	IS	Clade 3	IdrA-associated without complete DIRM-like synteny	12	78.9958333333333	82.715	29.1666666666667	35.9284106472079	6.76174398054124	25	25	0	0	0	0
Carbon	Citrate cycle, first carbon oxidation, oxaloacetate => 2-oxoglutarate	Previous algorithm: distinct-gene set coverage	multi-gene partial reconstruction	IS	Clade 4	IdrA-associated with DIRM-like synteny	20	89.293	95.11	30.8333333333333	34.6382913109647	3.80495797763135	5	10	5	0	0	0
Carbon	Citrate cycle, first carbon oxidation, oxaloacetate => 2-oxoglutarate	Previous algorithm: distinct-gene set coverage	multi-gene partial reconstruction	NS	Clade 1	Canonical AioA-associated	1	78.27	78.27	50	63.8814360546825	13.8814360546825	100	100	0	0	0	0
Carbon	Citrate cycle, first carbon oxidation, oxaloacetate => 2-oxoglutarate	Previous algorithm: distinct-gene set coverage	multi-gene partial reconstruction	NS	Clade 2	Unknown/uncertain DMSOR	1	79.77	79.77	33.3333333333333	41.7868037273829	8.45347039404955	0	0	0	0	0	0
Carbon	Citrate cycle, second carbon oxidation, 2-oxoglutarate => oxaloacetate	Previous algorithm: distinct-gene set coverage	multi-gene partial reconstruction	AS	Clade 1	Canonical AioA-associated	1	70.14	70.14	17.6470588235294	25.1597645046042	7.51270568107482	0	0	0	0	0	0
Carbon	Citrate cycle, second carbon oxidation, 2-oxoglutarate => oxaloacetate	Previous algorithm: distinct-gene set coverage	multi-gene partial reconstruction	AS	Clade 2	Unknown/uncertain DMSOR	1	51.44	51.44	23.5294117647059	45.7414692159913	22.2120574512854	0	0	0	0	0	0
Carbon	Citrate cycle, second carbon oxidation, 2-oxoglutarate => oxaloacetate	Previous algorithm: distinct-gene set coverage	multi-gene partial reconstruction	AS	Clade 3	IdrA-associated without complete DIRM-like synteny	1	70.14	70.14	17.6470588235294	25.1597645046042	7.51270568107482	0	0	0	0	0	0
Carbon	Citrate cycle, second carbon oxidation, 2-oxoglutarate => oxaloacetate	Previous algorithm: distinct-gene set coverage	multi-gene partial reconstruction	ES	Clade 3	IdrA-associated without complete DIRM-like synteny	6	70.235	71.215	29.4117647058823	42.4164986007694	13.0047338948871	0	16.6666666666667	16.6666666666667	0	0	0
Carbon	Citrate cycle, second carbon oxidation, 2-oxoglutarate => oxaloacetate	Previous algorithm: distinct-gene set coverage	multi-gene partial reconstruction	IS	Clade 1	Canonical AioA-associated	1	98.59	98.59	44.1176470588235	44.7486023519865	0.630955293163005	0	0	0	0	0	0
Carbon	Citrate cycle, second carbon oxidation, 2-oxoglutarate => oxaloacetate	Previous algorithm: distinct-gene set coverage	multi-gene partial reconstruction	IS	Clade 2	Unknown/uncertain DMSOR	5	69.596	65.87	21.7647058823529	30.7671959123642	9.00249003001123	0	0	0	0	0	0
Carbon	Citrate cycle, second carbon oxidation, 2-oxoglutarate => oxaloacetate	Previous algorithm: distinct-gene set coverage	multi-gene partial reconstruction	IS	Clade 3	IdrA-associated without complete DIRM-like synteny	12	78.9958333333333	82.715	34.0686274509804	44.3449885029287	10.2763610519483	8.33333333333333	41.6666666666667	33.3333333333333	0	0	0
Carbon	Citrate cycle, second carbon oxidation, 2-oxoglutarate => oxaloacetate	Previous algorithm: distinct-gene set coverage	multi-gene partial reconstruction	IS	Clade 4	IdrA-associated with DIRM-like synteny	20	89.293	95.11	37.7941176470588	43.0486932517042	5.25457560464535	5	20	15	0	0	0
Carbon	Citrate cycle, second carbon oxidation, 2-oxoglutarate => oxaloacetate	Previous algorithm: distinct-gene set coverage	multi-gene partial reconstruction	NS	Clade 1	Canonical AioA-associated	1	78.27	78.27	41.1764705882353	52.6082414567974	11.4317708685621	0	100	100	0	0	0
Carbon	Citrate cycle, second carbon oxidation, 2-oxoglutarate => oxaloacetate	Previous algorithm: distinct-gene set coverage	multi-gene partial reconstruction	NS	Clade 2	Unknown/uncertain DMSOR	1	79.77	79.77	5.88235294117647	7.37414183424404	1.49178889306757	0	0	0	0	0	0
Carbon	Glycolysis (Embden-Meyerhof pathway), glucose => pyruvate	Previous algorithm: distinct-gene set coverage	multi-gene partial reconstruction	AS	Clade 1	Canonical AioA-associated	1	70.14	70.14	31.0344827586207	44.2464824046488	13.2119996460281	0	0	0	0	0	0
Carbon	Glycolysis (Embden-Meyerhof pathway), glucose => pyruvate	Previous algorithm: distinct-gene set coverage	multi-gene partial reconstruction	AS	Clade 2	Unknown/uncertain DMSOR	1	51.44	51.44	17.2413793103448	33.517455891028	16.2760765806832	0	0	0	0	0	0
Carbon	Glycolysis (Embden-Meyerhof pathway), glucose => pyruvate	Previous algorithm: distinct-gene set coverage	multi-gene partial reconstruction	AS	Clade 3	IdrA-associated without complete DIRM-like synteny	1	70.14	70.14	31.0344827586207	44.2464824046488	13.2119996460281	0	0	0	0	0	0
Carbon	Glycolysis (Embden-Meyerhof pathway), glucose => pyruvate	Previous algorithm: distinct-gene set coverage	multi-gene partial reconstruction	ES	Clade 3	IdrA-associated without complete DIRM-like synteny	6	70.235	71.215	26.4367816091954	37.4710616590203	11.0342800498249	0	0	0	0	0	0
Carbon	Glycolysis (Embden-Meyerhof pathway), glucose => pyruvate	Previous algorithm: distinct-gene set coverage	multi-gene partial reconstruction	IS	Clade 1	Canonical AioA-associated	1	98.59	98.59	34.4827586206897	34.9759190797137	0.493160459023962	0	0	0	0	0	0
Carbon	Glycolysis (Embden-Meyerhof pathway), glucose => pyruvate	Previous algorithm: distinct-gene set coverage	multi-gene partial reconstruction	IS	Clade 2	Unknown/uncertain DMSOR	5	69.596	65.87	26.2068965517242	38.6324021108829	12.4255055591588	0	0	0	0	0	0
Carbon	Glycolysis (Embden-Meyerhof pathway), glucose => pyruvate	Previous algorithm: distinct-gene set coverage	multi-gene partial reconstruction	IS	Clade 3	IdrA-associated without complete DIRM-like synteny	12	78.9958333333333	82.715	27.5862068965517	35.5978900341748	8.0116831376231	0	8.33333333333333	8.33333333333333	0	0	0
Carbon	Glycolysis (Embden-Meyerhof pathway), glucose => pyruvate	Previous algorithm: distinct-gene set coverage	multi-gene partial reconstruction	IS	Clade 4	IdrA-associated with DIRM-like synteny	20	89.293	95.11	28.9655172413793	33.1900108530234	4.22449361164413	0	5	5	0	0	0
Carbon	Glycolysis (Embden-Meyerhof pathway), glucose => pyruvate	Previous algorithm: distinct-gene set coverage	multi-gene partial reconstruction	NS	Clade 1	Canonical AioA-associated	1	78.27	78.27	24.1379310344828	30.839313957433	6.70138292295019	0	0	0	0	0	0
Carbon	Glycolysis (Embden-Meyerhof pathway), glucose => pyruvate	Previous algorithm: distinct-gene set coverage	multi-gene partial reconstruction	NS	Clade 2	Unknown/uncertain DMSOR	1	79.77	79.77	17.2413793103448	21.6138639969222	4.37248468657736	0	0	0	0	0	0
Carbon	Glycolysis, core module involving three-carbon compounds	Previous algorithm: distinct-gene set coverage	multi-gene partial reconstruction	AS	Clade 1	Canonical AioA-associated	1	70.14	70.14	41.6666666666667	59.40499952476	17.7383328580933	0	100	100	0	0	0
Carbon	Glycolysis, core module involving three-carbon compounds	Previous algorithm: distinct-gene set coverage	multi-gene partial reconstruction	AS	Clade 2	Unknown/uncertain DMSOR	1	51.44	51.44	33.3333333333333	64.8004147226542	31.4670813893209	0	100	100	0	0	0
Carbon	Glycolysis, core module involving three-carbon compounds	Previous algorithm: distinct-gene set coverage	multi-gene partial reconstruction	AS	Clade 3	IdrA-associated without complete DIRM-like synteny	1	70.14	70.14	41.6666666666667	59.40499952476	17.7383328580933	0	100	100	0	0	0
Carbon	Glycolysis, core module involving three-carbon compounds	Previous algorithm: distinct-gene set coverage	multi-gene partial reconstruction	ES	Clade 3	IdrA-associated without complete DIRM-like synteny	6	70.235	71.215	44.4444444444444	62.6684907434771	18.2240462990327	50	83.3333333333333	33.3333333333333	0	16.6666666666667	16.6666666666667
Carbon	Glycolysis, core module involving three-carbon compounds	Previous algorithm: distinct-gene set coverage	multi-gene partial reconstruction	IS	Clade 1	Canonical AioA-associated	1	98.59	98.59	50	50.7150826655847	0.715082665584745	100	100	0	0	0	0
Carbon	Glycolysis, core module involving three-carbon compounds	Previous algorithm: distinct-gene set coverage	multi-gene partial reconstruction	IS	Clade 2	Unknown/uncertain DMSOR	5	69.596	65.87	45	66.7906119435109	21.7906119435109	60	80	20	0	60	60
Carbon	Glycolysis, core module involving three-carbon compounds	Previous algorithm: distinct-gene set coverage	multi-gene partial reconstruction	IS	Clade 3	IdrA-associated without complete DIRM-like synteny	12	78.9958333333333	82.715	44.4444444444445	57.7022754754966	13.2578310310522	41.6666666666667	75	33.3333333333333	0	8.33333333333333	8.33333333333333
Carbon	Glycolysis, core module involving three-carbon compounds	Previous algorithm: distinct-gene set coverage	multi-gene partial reconstruction	IS	Clade 4	IdrA-associated with DIRM-like synteny	20	89.293	95.11	47.5	54.1557759132097	6.65577591320972	75	85	10	0	5	5
Carbon	Glycolysis, core module involving three-carbon compounds	Previous algorithm: distinct-gene set coverage	multi-gene partial reconstruction	NS	Clade 1	Canonical AioA-associated	1	78.27	78.27	50	63.8814360546825	13.8814360546825	100	100	0	0	0	0
Carbon	Glycolysis, core module involving three-carbon compounds	Previous algorithm: distinct-gene set coverage	multi-gene partial reconstruction	NS	Clade 2	Unknown/uncertain DMSOR	1	79.77	79.77	16.6666666666667	20.8934018636915	4.22673519702479	0	0	0	0	0	0
Carbon	Incomplete reductive citrate cycle, acetyl-CoA => oxoglutarate	Previous algorithm: distinct-gene set coverage	multi-gene partial reconstruction	AS	Clade 1	Canonical AioA-associated	1	70.14	70.14	0	0	0	0	0	0	0	0	0
Carbon	Incomplete reductive citrate cycle, acetyl-CoA => oxoglutarate	Previous algorithm: distinct-gene set coverage	multi-gene partial reconstruction	AS	Clade 2	Unknown/uncertain DMSOR	1	51.44	51.44	23.5294117647059	45.7414692159913	22.2120574512854	0	0	0	0	0	0
Carbon	Incomplete reductive citrate cycle, acetyl-CoA => oxoglutarate	Previous algorithm: distinct-gene set coverage	multi-gene partial reconstruction	AS	Clade 3	IdrA-associated without complete DIRM-like synteny	1	70.14	70.14	0	0	0	0	0	0	0	0	0
Carbon	Incomplete reductive citrate cycle, acetyl-CoA => oxoglutarate	Previous algorithm: distinct-gene set coverage	multi-gene partial reconstruction	ES	Clade 3	IdrA-associated without complete DIRM-like synteny	6	70.235	71.215	32.3529411764706	46.5079210311087	14.1549798546381	0	33.3333333333333	33.3333333333333	0	16.6666666666667	16.6666666666667
Carbon	Incomplete reductive citrate cycle, acetyl-CoA => oxoglutarate	Previous algorithm: distinct-gene set coverage	multi-gene partial reconstruction	IS	Clade 1	Canonical AioA-associated	1	98.59	98.59	17.6470588235294	17.8994409407946	0.252382117265203	0	0	0	0	0	0
Carbon	Incomplete reductive citrate cycle, acetyl-CoA => oxoglutarate	Previous algorithm: distinct-gene set coverage	multi-gene partial reconstruction	IS	Clade 2	Unknown/uncertain DMSOR	5	69.596	65.87	20	28.0303389036111	8.03033890361109	0	0	0	0	0	0
Carbon	Incomplete reductive citrate cycle, acetyl-CoA => oxoglutarate	Previous algorithm: distinct-gene set coverage	multi-gene partial reconstruction	IS	Clade 3	IdrA-associated without complete DIRM-like synteny	12	78.9958333333333	82.715	26.9607843137255	35.7434263262321	8.78264201250657	16.6666666666667	41.6666666666667	25	0	0	0
Carbon	Incomplete reductive citrate cycle, acetyl-CoA => oxoglutarate	Previous algorithm: distinct-gene set coverage	multi-gene partial reconstruction	IS	Clade 4	IdrA-associated with DIRM-like synteny	20	89.293	95.11	33.8235294117647	38.8733120947437	5.04978268297897	15	25	10	0	0	0
Carbon	Incomplete reductive citrate cycle, acetyl-CoA => oxoglutarate	Previous algorithm: distinct-gene set coverage	multi-gene partial reconstruction	NS	Clade 1	Canonical AioA-associated	1	78.27	78.27	23.5294117647059	30.0618522610271	6.53244049632119	0	0	0	0	0	0
Carbon	Incomplete reductive citrate cycle, acetyl-CoA => oxoglutarate	Previous algorithm: distinct-gene set coverage	multi-gene partial reconstruction	NS	Clade 2	Unknown/uncertain DMSOR	1	79.77	79.77	11.7647058823529	14.748283668488	2.98357778613513	0	0	0	0	0	0
Carbon	Methane oxidation, methanotroph, methane => formaldehyde	Previous algorithm: distinct-gene set coverage	multi-gene partial reconstruction	AS	Clade 1	Canonical AioA-associated	1	70.14	70.14	0	0	0	0	0	0	0	0	0
Carbon	Methane oxidation, methanotroph, methane => formaldehyde	Previous algorithm: distinct-gene set coverage	multi-gene partial reconstruction	AS	Clade 2	Unknown/uncertain DMSOR	1	51.44	51.44	0	0	0	0	0	0	0	0	0
Carbon	Methane oxidation, methanotroph, methane => formaldehyde	Previous algorithm: distinct-gene set coverage	multi-gene partial reconstruction	AS	Clade 3	IdrA-associated without complete DIRM-like synteny	1	70.14	70.14	0	0	0	0	0	0	0	0	0
Carbon	Methane oxidation, methanotroph, methane => formaldehyde	Previous algorithm: distinct-gene set coverage	multi-gene partial reconstruction	ES	Clade 3	IdrA-associated without complete DIRM-like synteny	6	70.235	71.215	0	0	0	0	0	0	0	0	0
Carbon	Methane oxidation, methanotroph, methane => formaldehyde	Previous algorithm: distinct-gene set coverage	multi-gene partial reconstruction	IS	Clade 1	Canonical AioA-associated	1	98.59	98.59	0	0	0	0	0	0	0	0	0
Carbon	Methane oxidation, methanotroph, methane => formaldehyde	Previous algorithm: distinct-gene set coverage	multi-gene partial reconstruction	IS	Clade 2	Unknown/uncertain DMSOR	5	69.596	65.87	0	0	0	0	0	0	0	0	0
Carbon	Methane oxidation, methanotroph, methane => formaldehyde	Previous algorithm: distinct-gene set coverage	multi-gene partial reconstruction	IS	Clade 3	IdrA-associated without complete DIRM-like synteny	12	78.9958333333333	82.715	2.77777777777778	2.89955926699141	0.121781489213639	0	0	0	0	0	0
Carbon	Methane oxidation, methanotroph, methane => formaldehyde	Previous algorithm: distinct-gene set coverage	multi-gene partial reconstruction	IS	Clade 4	IdrA-associated with DIRM-like synteny	20	89.293	95.11	0.833333333333333	0.865043729028568	0.0317103956952351	0	0	0	0	0	0
Carbon	Methane oxidation, methanotroph, methane => formaldehyde	Previous algorithm: distinct-gene set coverage	multi-gene partial reconstruction	NS	Clade 1	Canonical AioA-associated	1	78.27	78.27	0	0	0	0	0	0	0	0	0
Carbon	Methane oxidation, methanotroph, methane => formaldehyde	Previous algorithm: distinct-gene set coverage	multi-gene partial reconstruction	NS	Clade 2	Unknown/uncertain DMSOR	1	79.77	79.77	0	0	0	0	0	0	0	0	0
Carbon	Methanogenesis, CO2 => methane	Previous algorithm: distinct-gene set coverage	multi-gene partial reconstruction	AS	Clade 1	Canonical AioA-associated	1	70.14	70.14	0	0	0	0	0	0	0	0	0
Carbon	Methanogenesis, CO2 => methane	Previous algorithm: distinct-gene set coverage	multi-gene partial reconstruction	AS	Clade 2	Unknown/uncertain DMSOR	1	51.44	51.44	2.7027027027027	5.2540876802152	2.5513849775125	0	0	0	0	0	0
Carbon	Methanogenesis, CO2 => methane	Previous algorithm: distinct-gene set coverage	multi-gene partial reconstruction	AS	Clade 3	IdrA-associated without complete DIRM-like synteny	1	70.14	70.14	0	0	0	0	0	0	0	0	0
Carbon	Methanogenesis, CO2 => methane	Previous algorithm: distinct-gene set coverage	multi-gene partial reconstruction	ES	Clade 3	IdrA-associated without complete DIRM-like synteny	6	70.235	71.215	5.4054054054054	8.04114828291316	2.63574287750776	0	0	0	0	0	0
Carbon	Methanogenesis, CO2 => methane	Previous algorithm: distinct-gene set coverage	multi-gene partial reconstruction	IS	Clade 1	Canonical AioA-associated	1	98.59	98.59	0	0	0	0	0	0	0	0	0
Carbon	Methanogenesis, CO2 => methane	Previous algorithm: distinct-gene set coverage	multi-gene partial reconstruction	IS	Clade 2	Unknown/uncertain DMSOR	5	69.596	65.87	5.4054054054054	7.55836474711723	2.15295934171183	0	0	0	0	0	0
Carbon	Methanogenesis, CO2 => methane	Previous algorithm: distinct-gene set coverage	multi-gene partial reconstruction	IS	Clade 3	IdrA-associated without complete DIRM-like synteny	12	78.9958333333333	82.715	0	0	0	0	0	0	0	0	0
Carbon	Methanogenesis, CO2 => methane	Previous algorithm: distinct-gene set coverage	multi-gene partial reconstruction	IS	Clade 4	IdrA-associated with DIRM-like synteny	20	89.293	95.11	0.675675675675676	0.710206771737524	0.034531096061849	0	0	0	0	0	0
Carbon	Methanogenesis, CO2 => methane	Previous algorithm: distinct-gene set coverage	multi-gene partial reconstruction	NS	Clade 1	Canonical AioA-associated	1	78.27	78.27	0	0	0	0	0	0	0	0	0
Carbon	Methanogenesis, CO2 => methane	Previous algorithm: distinct-gene set coverage	multi-gene partial reconstruction	NS	Clade 2	Unknown/uncertain DMSOR	1	79.77	79.77	2.7027027027027	3.38811922113915	0.68541651843645	0	0	0	0	0	0
Carbon	Methanogenesis, acetate => methane	Previous algorithm: distinct-gene set coverage	multi-gene partial reconstruction	AS	Clade 1	Canonical AioA-associated	1	70.14	70.14	3.2258064516129	4.59909673740077	1.37329028578787	0	0	0	0	0	0
Carbon	Methanogenesis, acetate => methane	Previous algorithm: distinct-gene set coverage	multi-gene partial reconstruction	AS	Clade 2	Unknown/uncertain DMSOR	1	51.44	51.44	0	0	0	0	0	0	0	0	0
Carbon	Methanogenesis, acetate => methane	Previous algorithm: distinct-gene set coverage	multi-gene partial reconstruction	AS	Clade 3	IdrA-associated without complete DIRM-like synteny	1	70.14	70.14	3.2258064516129	4.59909673740077	1.37329028578787	0	0	0	0	0	0
Carbon	Methanogenesis, acetate => methane	Previous algorithm: distinct-gene set coverage	multi-gene partial reconstruction	ES	Clade 3	IdrA-associated without complete DIRM-like synteny	6	70.235	71.215	9.6774193548387	14.6409800978565	4.96356074301777	0	0	0	0	0	0
Carbon	Methanogenesis, acetate => methane	Previous algorithm: distinct-gene set coverage	multi-gene partial reconstruction	IS	Clade 1	Canonical AioA-associated	1	98.59	98.59	3.2258064516129	3.2719408171345	0.0461343655215964	0	0	0	0	0	0
Carbon	Methanogenesis, acetate => methane	Previous algorithm: distinct-gene set coverage	multi-gene partial reconstruction	IS	Clade 2	Unknown/uncertain DMSOR	5	69.596	65.87	5.16129032258065	7.13900457042514	1.9777142478445	0	0	0	0	0	0
Carbon	Methanogenesis, acetate => methane	Previous algorithm: distinct-gene set coverage	multi-gene partial reconstruction	IS	Clade 3	IdrA-associated without complete DIRM-like synteny	12	78.9958333333333	82.715	5.3763440860215	6.70670783162995	1.33036374560845	0	0	0	0	0	0
Carbon	Methanogenesis, acetate => methane	Previous algorithm: distinct-gene set coverage	multi-gene partial reconstruction	IS	Clade 4	IdrA-associated with DIRM-like synteny	20	89.293	95.11	5	5.57014665583572	0.570146655835728	0	0	0	0	0	0
Carbon	Methanogenesis, acetate => methane	Previous algorithm: distinct-gene set coverage	multi-gene partial reconstruction	NS	Clade 1	Canonical AioA-associated	1	78.27	78.27	6.45161290322581	8.24276594253968	1.79115303931387	0	0	0	0	0	0
Carbon	Methanogenesis, acetate => methane	Previous algorithm: distinct-gene set coverage	multi-gene partial reconstruction	NS	Clade 2	Unknown/uncertain DMSOR	1	79.77	79.77	9.67741935483871	12.1316526950466	2.45423334020794	0	0	0	0	0	0
Carbon	Methanogenesis, methanethiol => methane	Previous algorithm: distinct-gene set coverage	multi-gene partial reconstruction	AS	Clade 1	Canonical AioA-associated	1	70.14	70.14	0	0	0	0	0	0	0	0	0
Carbon	Methanogenesis, methanethiol => methane	Previous algorithm: distinct-gene set coverage	multi-gene partial reconstruction	AS	Clade 2	Unknown/uncertain DMSOR	1	51.44	51.44	0	0	0	0	0	0	0	0	0
Carbon	Methanogenesis, methanethiol => methane	Previous algorithm: distinct-gene set coverage	multi-gene partial reconstruction	AS	Clade 3	IdrA-associated without complete DIRM-like synteny	1	70.14	70.14	0	0	0	0	0	0	0	0	0
Carbon	Methanogenesis, methanethiol => methane	Previous algorithm: distinct-gene set coverage	multi-gene partial reconstruction	ES	Clade 3	IdrA-associated without complete DIRM-like synteny	6	70.235	71.215	0	0	0	0	0	0	0	0	0
Carbon	Methanogenesis, methanethiol => methane	Previous algorithm: distinct-gene set coverage	multi-gene partial reconstruction	IS	Clade 1	Canonical AioA-associated	1	98.59	98.59	0	0	0	0	0	0	0	0	0
Carbon	Methanogenesis, methanethiol => methane	Previous algorithm: distinct-gene set coverage	multi-gene partial reconstruction	IS	Clade 2	Unknown/uncertain DMSOR	5	69.596	65.87	0	0	0	0	0	0	0	0	0
Carbon	Methanogenesis, methanethiol => methane	Previous algorithm: distinct-gene set coverage	multi-gene partial reconstruction	IS	Clade 3	IdrA-associated without complete DIRM-like synteny	12	78.9958333333333	82.715	0	0	0	0	0	0	0	0	0
Carbon	Methanogenesis, methanethiol => methane	Previous algorithm: distinct-gene set coverage	multi-gene partial reconstruction	IS	Clade 4	IdrA-associated with DIRM-like synteny	20	89.293	95.11	0	0	0	0	0	0	0	0	0
Carbon	Methanogenesis, methanethiol => methane	Previous algorithm: distinct-gene set coverage	multi-gene partial reconstruction	NS	Clade 1	Canonical AioA-associated	1	78.27	78.27	0	0	0	0	0	0	0	0	0
Carbon	Methanogenesis, methanethiol => methane	Previous algorithm: distinct-gene set coverage	multi-gene partial reconstruction	NS	Clade 2	Unknown/uncertain DMSOR	1	79.77	79.77	0	0	0	0	0	0	0	0	0
Carbon	Methanogenesis, methanol => methane	Previous algorithm: distinct-gene set coverage	multi-gene partial reconstruction	AS	Clade 1	Canonical AioA-associated	1	70.14	70.14	0	0	0	0	0	0	0	0	0
Carbon	Methanogenesis, methanol => methane	Previous algorithm: distinct-gene set coverage	multi-gene partial reconstruction	AS	Clade 2	Unknown/uncertain DMSOR	1	51.44	51.44	0	0	0	0	0	0	0	0	0
Carbon	Methanogenesis, methanol => methane	Previous algorithm: distinct-gene set coverage	multi-gene partial reconstruction	AS	Clade 3	IdrA-associated without complete DIRM-like synteny	1	70.14	70.14	0	0	0	0	0	0	0	0	0
Carbon	Methanogenesis, methanol => methane	Previous algorithm: distinct-gene set coverage	multi-gene partial reconstruction	ES	Clade 3	IdrA-associated without complete DIRM-like synteny	6	70.235	71.215	8.7719298245614	13.1256688995333	4.35373907497188	0	0	0	0	0	0
Carbon	Methanogenesis, methanol => methane	Previous algorithm: distinct-gene set coverage	multi-gene partial reconstruction	IS	Clade 1	Canonical AioA-associated	1	98.59	98.59	0	0	0	0	0	0	0	0	0
Carbon	Methanogenesis, methanol => methane	Previous algorithm: distinct-gene set coverage	multi-gene partial reconstruction	IS	Clade 2	Unknown/uncertain DMSOR	5	69.596	65.87	5.26315789473684	7.42913599397081	2.16597809923397	0	0	0	0	0	0
Carbon	Methanogenesis, methanol => methane	Previous algorithm: distinct-gene set coverage	multi-gene partial reconstruction	IS	Clade 3	IdrA-associated without complete DIRM-like synteny	12	78.9958333333333	82.715	0	0	0	0	0	0	0	0	0
Carbon	Methanogenesis, methanol => methane	Previous algorithm: distinct-gene set coverage	multi-gene partial reconstruction	IS	Clade 4	IdrA-associated with DIRM-like synteny	20	89.293	95.11	1.31578947368421	1.38303423969939	0.0672447660151795	0	0	0	0	0	0
Carbon	Methanogenesis, methanol => methane	Previous algorithm: distinct-gene set coverage	multi-gene partial reconstruction	NS	Clade 1	Canonical AioA-associated	1	78.27	78.27	0	0	0	0	0	0	0	0	0
Carbon	Methanogenesis, methanol => methane	Previous algorithm: distinct-gene set coverage	multi-gene partial reconstruction	NS	Clade 2	Unknown/uncertain DMSOR	1	79.77	79.77	5.26315789473684	6.59791637800782	1.33475848327098	0	0	0	0	0	0
Carbon	Methanogenesis, methylamine/dimethylamine/trimethylamine => methane	Previous algorithm: distinct-gene set coverage	multi-gene partial reconstruction	AS	Clade 1	Canonical AioA-associated	1	70.14	70.14	0	0	0	0	0	0	0	0	0
Carbon	Methanogenesis, methylamine/dimethylamine/trimethylamine => methane	Previous algorithm: distinct-gene set coverage	multi-gene partial reconstruction	AS	Clade 2	Unknown/uncertain DMSOR	1	51.44	51.44	0	0	0	0	0	0	0	0	0
Carbon	Methanogenesis, methylamine/dimethylamine/trimethylamine => methane	Previous algorithm: distinct-gene set coverage	multi-gene partial reconstruction	AS	Clade 3	IdrA-associated without complete DIRM-like synteny	1	70.14	70.14	0	0	0	0	0	0	0	0	0
Carbon	Methanogenesis, methylamine/dimethylamine/trimethylamine => methane	Previous algorithm: distinct-gene set coverage	multi-gene partial reconstruction	ES	Clade 3	IdrA-associated without complete DIRM-like synteny	6	70.235	71.215	10.1449275362319	15.4070046538994	5.26207711766751	0	0	0	0	0	0
Carbon	Methanogenesis, methylamine/dimethylamine/trimethylamine => methane	Previous algorithm: distinct-gene set coverage	multi-gene partial reconstruction	IS	Clade 1	Canonical AioA-associated	1	98.59	98.59	0	0	0	0	0	0	0	0	0
Carbon	Methanogenesis, methylamine/dimethylamine/trimethylamine => methane	Previous algorithm: distinct-gene set coverage	multi-gene partial reconstruction	IS	Clade 2	Unknown/uncertain DMSOR	5	69.596	65.87	4.34782608695652	6.13711234284545	1.78928625588893	0	0	0	0	0	0
Carbon	Methanogenesis, methylamine/dimethylamine/trimethylamine => methane	Previous algorithm: distinct-gene set coverage	multi-gene partial reconstruction	IS	Clade 3	IdrA-associated without complete DIRM-like synteny	12	78.9958333333333	82.715	3.6231884057971	4.88609147474549	1.26290306894839	0	0	0	0	0	0
Carbon	Methanogenesis, methylamine/dimethylamine/trimethylamine => methane	Previous algorithm: distinct-gene set coverage	multi-gene partial reconstruction	IS	Clade 4	IdrA-associated with DIRM-like synteny	20	89.293	95.11	5.21739130434783	5.89162676615683	0.674235461809006	0	0	0	0	0	0
Carbon	Methanogenesis, methylamine/dimethylamine/trimethylamine => methane	Previous algorithm: distinct-gene set coverage	multi-gene partial reconstruction	NS	Clade 1	Canonical AioA-associated	1	78.27	78.27	0	0	0	0	0	0	0	0	0
Carbon	Methanogenesis, methylamine/dimethylamine/trimethylamine => methane	Previous algorithm: distinct-gene set coverage	multi-gene partial reconstruction	NS	Clade 2	Unknown/uncertain DMSOR	1	79.77	79.77	4.34782608695652	5.45045266009342	1.1026265731369	0	0	0	0	0	0
Carbon	Pyruvate oxidation, pyruvate => acetyl-CoA	Previous algorithm: distinct-gene set coverage	multi-gene partial reconstruction	AS	Clade 1	Canonical AioA-associated	1	70.14	70.14	0	0	0	0	0	0	0	0	0
Carbon	Pyruvate oxidation, pyruvate => acetyl-CoA	Previous algorithm: distinct-gene set coverage	multi-gene partial reconstruction	AS	Clade 2	Unknown/uncertain DMSOR	1	51.44	51.44	27.2727272727273	53.0185211367171	25.7457938639898	0	100	100	0	0	0
Carbon	Pyruvate oxidation, pyruvate => acetyl-CoA	Previous algorithm: distinct-gene set coverage	multi-gene partial reconstruction	AS	Clade 3	IdrA-associated without complete DIRM-like synteny	1	70.14	70.14	0	0	0	0	0	0	0	0	0
Carbon	Pyruvate oxidation, pyruvate => acetyl-CoA	Previous algorithm: distinct-gene set coverage	multi-gene partial reconstruction	ES	Clade 3	IdrA-associated without complete DIRM-like synteny	6	70.235	71.215	33.3333333333333	46.4949970721259	13.1616637387925	16.6666666666667	66.6666666666667	50	0	0	0
Carbon	Pyruvate oxidation, pyruvate => acetyl-CoA	Previous algorithm: distinct-gene set coverage	multi-gene partial reconstruction	IS	Clade 1	Canonical AioA-associated	1	98.59	98.59	27.2727272727273	27.6627723630462	0.390045090318949	0	0	0	0	0	0
Carbon	Pyruvate oxidation, pyruvate => acetyl-CoA	Previous algorithm: distinct-gene set coverage	multi-gene partial reconstruction	IS	Clade 2	Unknown/uncertain DMSOR	5	69.596	65.87	20	29.0734285181822	9.07342851818222	0	0	0	0	0	0
Carbon	Pyruvate oxidation, pyruvate => acetyl-CoA	Previous algorithm: distinct-gene set coverage	multi-gene partial reconstruction	IS	Clade 3	IdrA-associated without complete DIRM-like synteny	12	78.9958333333333	82.715	34.8484848484849	43.9493760780635	9.10089122957866	25	50	25	0	8.33333333333333	8.33333333333333
Carbon	Pyruvate oxidation, pyruvate => acetyl-CoA	Previous algorithm: distinct-gene set coverage	multi-gene partial reconstruction	IS	Clade 4	IdrA-associated with DIRM-like synteny	20	89.293	95.11	41.3636363636364	46.7684615333691	5.40482516973271	20	30	10	0	0	0
Carbon	Pyruvate oxidation, pyruvate => acetyl-CoA	Previous algorithm: distinct-gene set coverage	multi-gene partial reconstruction	NS	Clade 1	Canonical AioA-associated	1	78.27	78.27	27.2727272727273	34.8444196661905	7.5716923934632	0	0	0	0	0	0
Carbon	Pyruvate oxidation, pyruvate => acetyl-CoA	Previous algorithm: distinct-gene set coverage	multi-gene partial reconstruction	NS	Clade 2	Unknown/uncertain DMSOR	1	79.77	79.77	18.1818181818182	22.792802033118	4.61098385129977	0	0	0	0	0	0
Carbon	Reductive acetyl-CoA pathway (Wood-Ljungdahl pathway)	Previous algorithm: distinct-gene set coverage	multi-gene partial reconstruction	AS	Clade 1	Canonical AioA-associated	1	70.14	70.14	0	0	0	0	0	0	0	0	0
Carbon	Reductive acetyl-CoA pathway (Wood-Ljungdahl pathway)	Previous algorithm: distinct-gene set coverage	multi-gene partial reconstruction	AS	Clade 2	Unknown/uncertain DMSOR	1	51.44	51.44	0	0	0	0	0	0	0	0	0
Carbon	Reductive acetyl-CoA pathway (Wood-Ljungdahl pathway)	Previous algorithm: distinct-gene set coverage	multi-gene partial reconstruction	AS	Clade 3	IdrA-associated without complete DIRM-like synteny	1	70.14	70.14	0	0	0	0	0	0	0	0	0
Carbon	Reductive acetyl-CoA pathway (Wood-Ljungdahl pathway)	Previous algorithm: distinct-gene set coverage	multi-gene partial reconstruction	ES	Clade 3	IdrA-associated without complete DIRM-like synteny	6	70.235	71.215	20	28.1971904842329	8.19719048423291	0	16.6666666666667	16.6666666666667	0	0	0
Carbon	Reductive acetyl-CoA pathway (Wood-Ljungdahl pathway)	Previous algorithm: distinct-gene set coverage	multi-gene partial reconstruction	IS	Clade 1	Canonical AioA-associated	1	98.59	98.59	20	20.2860330662339	0.286033066233898	0	0	0	0	0	0
Carbon	Reductive acetyl-CoA pathway (Wood-Ljungdahl pathway)	Previous algorithm: distinct-gene set coverage	multi-gene partial reconstruction	IS	Clade 2	Unknown/uncertain DMSOR	5	69.596	65.87	6	8.01555577977341	2.01555577977341	0	0	0	0	0	0
Carbon	Reductive acetyl-CoA pathway (Wood-Ljungdahl pathway)	Previous algorithm: distinct-gene set coverage	multi-gene partial reconstruction	IS	Clade 3	IdrA-associated without complete DIRM-like synteny	12	78.9958333333333	82.715	25.8333333333333	33.5281002264889	7.69476689315561	0	8.33333333333333	8.33333333333333	0	0	0
Carbon	Reductive acetyl-CoA pathway (Wood-Ljungdahl pathway)	Previous algorithm: distinct-gene set coverage	multi-gene partial reconstruction	IS	Clade 4	IdrA-associated with DIRM-like synteny	20	89.293	95.11	29	32.3316802246546	3.3316802246546	5	5	0	0	0	0
Carbon	Reductive acetyl-CoA pathway (Wood-Ljungdahl pathway)	Previous algorithm: distinct-gene set coverage	multi-gene partial reconstruction	NS	Clade 1	Canonical AioA-associated	1	78.27	78.27	10	12.7762872109365	2.7762872109365	0	0	0	0	0	0
Carbon	Reductive acetyl-CoA pathway (Wood-Ljungdahl pathway)	Previous algorithm: distinct-gene set coverage	multi-gene partial reconstruction	NS	Clade 2	Unknown/uncertain DMSOR	1	79.77	79.77	10	12.5360411182149	2.53604111821487	0	0	0	0	0	0
Carbon	Reductive citrate cycle (Arnon-Buchanan cycle)	Previous algorithm: distinct-gene set coverage	multi-gene partial reconstruction	AS	Clade 1	Canonical AioA-associated	1	70.14	70.14	9.30232558139535	13.2625115218069	3.96018594041153	0	0	0	0	0	0
Carbon	Reductive citrate cycle (Arnon-Buchanan cycle)	Previous algorithm: distinct-gene set coverage	multi-gene partial reconstruction	AS	Clade 2	Unknown/uncertain DMSOR	1	51.44	51.44	23.2558139534884	45.2095916669681	21.9537777134797	0	0	0	0	0	0
Carbon	Reductive citrate cycle (Arnon-Buchanan cycle)	Previous algorithm: distinct-gene set coverage	multi-gene partial reconstruction	AS	Clade 3	IdrA-associated without complete DIRM-like synteny	1	70.14	70.14	9.30232558139535	13.2625115218069	3.96018594041153	0	0	0	0	0	0
Carbon	Reductive citrate cycle (Arnon-Buchanan cycle)	Previous algorithm: distinct-gene set coverage	multi-gene partial reconstruction	ES	Clade 3	IdrA-associated without complete DIRM-like synteny	6	70.235	71.215	29.0697674418605	42.2739155897344	13.2041481478739	0	16.6666666666667	16.6666666666667	0	0	0
Carbon	Reductive citrate cycle (Arnon-Buchanan cycle)	Previous algorithm: distinct-gene set coverage	multi-gene partial reconstruction	IS	Clade 1	Canonical AioA-associated	1	98.59	98.59	32.5581395348837	33.0237747589854	0.465635224101696	0	0	0	0	0	0
Carbon	Reductive citrate cycle (Arnon-Buchanan cycle)	Previous algorithm: distinct-gene set coverage	multi-gene partial reconstruction	IS	Clade 2	Unknown/uncertain DMSOR	5	69.596	65.87	24.1860465116279	34.856311087551	10.670264575923	0	0	0	0	0	0
Carbon	Reductive citrate cycle (Arnon-Buchanan cycle)	Previous algorithm: distinct-gene set coverage	multi-gene partial reconstruction	IS	Clade 3	IdrA-associated without complete DIRM-like synteny	12	78.9958333333333	82.715	30.6201550387597	39.8894287320138	9.26927369325409	0	16.6666666666667	16.6666666666667	0	0	0
Carbon	Reductive citrate cycle (Arnon-Buchanan cycle)	Previous algorithm: distinct-gene set coverage	multi-gene partial reconstruction	IS	Clade 4	IdrA-associated with DIRM-like synteny	20	89.293	95.11	31.9767441860465	36.326855529049	4.35011134300243	0	5	5	0	0	0
Carbon	Reductive citrate cycle (Arnon-Buchanan cycle)	Previous algorithm: distinct-gene set coverage	multi-gene partial reconstruction	NS	Clade 1	Canonical AioA-associated	1	78.27	78.27	30.2325581395349	38.6259845912034	8.3934264516685	0	0	0	0	0	0
Carbon	Reductive citrate cycle (Arnon-Buchanan cycle)	Previous algorithm: distinct-gene set coverage	multi-gene partial reconstruction	NS	Clade 2	Unknown/uncertain DMSOR	1	79.77	79.77	13.953488372093	17.4921503975091	3.53866202541609	0	0	0	0	0	0
Carbon	TCA /Reductive TCA	Previous algorithm: distinct-gene set coverage	multi-gene partial reconstruction	AS	Clade 1	Canonical AioA-associated	1	70.14	70.14	0	0	0	0	0	0	0	0	0
Carbon	TCA /Reductive TCA	Previous algorithm: distinct-gene set coverage	multi-gene partial reconstruction	AS	Clade 2	Unknown/uncertain DMSOR	1	51.44	51.44	0	0	0	0	0	0	0	0	0
Carbon	TCA /Reductive TCA	Previous algorithm: distinct-gene set coverage	multi-gene partial reconstruction	AS	Clade 3	IdrA-associated without complete DIRM-like synteny	1	70.14	70.14	0	0	0	0	0	0	0	0	0
Carbon	TCA /Reductive TCA	Previous algorithm: distinct-gene set coverage	multi-gene partial reconstruction	ES	Clade 3	IdrA-associated without complete DIRM-like synteny	6	70.235	71.215	33.3333333333333	33.3333333333333	0	33.3333333333333	33.3333333333333	0	33.3333333333333	33.3333333333333	0
Carbon	TCA /Reductive TCA	Previous algorithm: distinct-gene set coverage	multi-gene partial reconstruction	IS	Clade 1	Canonical AioA-associated	1	98.59	98.59	100	100	0	100	100	0	100	100	0
Carbon	TCA /Reductive TCA	Previous algorithm: distinct-gene set coverage	multi-gene partial reconstruction	IS	Clade 2	Unknown/uncertain DMSOR	5	69.596	65.87	20	20	0	20	20	0	20	20	0
Carbon	TCA /Reductive TCA	Previous algorithm: distinct-gene set coverage	multi-gene partial reconstruction	IS	Clade 3	IdrA-associated without complete DIRM-like synteny	12	78.9958333333333	82.715	8.33333333333333	8.33333333333333	0	8.33333333333333	8.33333333333333	0	8.33333333333333	8.33333333333333	0
Carbon	TCA /Reductive TCA	Previous algorithm: distinct-gene set coverage	multi-gene partial reconstruction	IS	Clade 4	IdrA-associated with DIRM-like synteny	20	89.293	95.11	0	0	0	0	0	0	0	0	0
Carbon	TCA /Reductive TCA	Previous algorithm: distinct-gene set coverage	multi-gene partial reconstruction	NS	Clade 1	Canonical AioA-associated	1	78.27	78.27	0	0	0	0	0	0	0	0	0
Carbon	TCA /Reductive TCA	Previous algorithm: distinct-gene set coverage	multi-gene partial reconstruction	NS	Clade 2	Unknown/uncertain DMSOR	1	79.77	79.77	0	0	0	0	0	0	0	0	0
Motility	Flagellar Assembly (partial 36-KO reconstruction)	Previous algorithm: distinct-gene set coverage	multi-gene partial reconstruction	AS	Clade 1	Canonical AioA-associated	1	70.14	70.14	0	0	0	0	0	0	0	0	0
Motility	Flagellar Assembly (partial 36-KO reconstruction)	Previous algorithm: distinct-gene set coverage	multi-gene partial reconstruction	AS	Clade 2	Unknown/uncertain DMSOR	1	51.44	51.44	0	0	0	0	0	0	0	0	0
Motility	Flagellar Assembly (partial 36-KO reconstruction)	Previous algorithm: distinct-gene set coverage	multi-gene partial reconstruction	AS	Clade 3	IdrA-associated without complete DIRM-like synteny	1	70.14	70.14	0	0	0	0	0	0	0	0	0
Motility	Flagellar Assembly (partial 36-KO reconstruction)	Previous algorithm: distinct-gene set coverage	multi-gene partial reconstruction	ES	Clade 3	IdrA-associated without complete DIRM-like synteny	6	70.235	71.215	10.6481481481481	11.8854204131579	1.23727226500974	16.6666666666667	16.6666666666667	0	0	0	0
Motility	Flagellar Assembly (partial 36-KO reconstruction)	Previous algorithm: distinct-gene set coverage	multi-gene partial reconstruction	IS	Clade 1	Canonical AioA-associated	1	98.59	98.59	91.6666666666667	92.9776515535721	1.31098488690536	100	100	0	100	100	0
Motility	Flagellar Assembly (partial 36-KO reconstruction)	Previous algorithm: distinct-gene set coverage	multi-gene partial reconstruction	IS	Clade 2	Unknown/uncertain DMSOR	5	69.596	65.87	12.7777777777778	13.023930055833	0.246152278055246	20	20	0	0	0	0
Motility	Flagellar Assembly (partial 36-KO reconstruction)	Previous algorithm: distinct-gene set coverage	multi-gene partial reconstruction	IS	Clade 3	IdrA-associated without complete DIRM-like synteny	12	78.9958333333333	82.715	34.2592592592593	45.4280816223184	11.1688223630591	25	41.6666666666667	16.6666666666667	8.33333333333333	33.3333333333333	25
Motility	Flagellar Assembly (partial 36-KO reconstruction)	Previous algorithm: distinct-gene set coverage	multi-gene partial reconstruction	IS	Clade 4	IdrA-associated with DIRM-like synteny	20	89.293	95.11	44.0277777777778	49.2207201642823	5.19294238650457	65	70	5	0	10	10
Motility	Flagellar Assembly (partial 36-KO reconstruction)	Previous algorithm: distinct-gene set coverage	multi-gene partial reconstruction	NS	Clade 1	Canonical AioA-associated	1	78.27	78.27	0	0	0	0	0	0	0	0	0
Motility	Flagellar Assembly (partial 36-KO reconstruction)	Previous algorithm: distinct-gene set coverage	multi-gene partial reconstruction	NS	Clade 2	Unknown/uncertain DMSOR	1	79.77	79.77	0	0	0	0	0	0	0	0	0
Nitrogen	Assimilatory nitrate reduction, nitrate => ammonia	Previous algorithm: distinct-gene set coverage	multi-gene partial reconstruction	AS	Clade 1	Canonical AioA-associated	1	70.14	70.14	0	0	0	0	0	0	0	0	0
Nitrogen	Assimilatory nitrate reduction, nitrate => ammonia	Previous algorithm: distinct-gene set coverage	multi-gene partial reconstruction	AS	Clade 2	Unknown/uncertain DMSOR	1	51.44	51.44	0	0	0	0	0	0	0	0	0
Nitrogen	Assimilatory nitrate reduction, nitrate => ammonia	Previous algorithm: distinct-gene set coverage	multi-gene partial reconstruction	AS	Clade 3	IdrA-associated without complete DIRM-like synteny	1	70.14	70.14	0	0	0	0	0	0	0	0	0
Nitrogen	Assimilatory nitrate reduction, nitrate => ammonia	Previous algorithm: distinct-gene set coverage	multi-gene partial reconstruction	ES	Clade 3	IdrA-associated without complete DIRM-like synteny	6	70.235	71.215	0	0	0	0	0	0	0	0	0
Nitrogen	Assimilatory nitrate reduction, nitrate => ammonia	Previous algorithm: distinct-gene set coverage	multi-gene partial reconstruction	IS	Clade 1	Canonical AioA-associated	1	98.59	98.59	16.6666666666667	16.9050275551949	0.238360888528248	0	0	0	0	0	0
Nitrogen	Assimilatory nitrate reduction, nitrate => ammonia	Previous algorithm: distinct-gene set coverage	multi-gene partial reconstruction	IS	Clade 2	Unknown/uncertain DMSOR	5	69.596	65.87	0	0	0	0	0	0	0	0	0
Nitrogen	Assimilatory nitrate reduction, nitrate => ammonia	Previous algorithm: distinct-gene set coverage	multi-gene partial reconstruction	IS	Clade 3	IdrA-associated without complete DIRM-like synteny	12	78.9958333333333	82.715	1.38888888888889	1.6896458502298	0.300756961340904	0	0	0	0	0	0
Nitrogen	Assimilatory nitrate reduction, nitrate => ammonia	Previous algorithm: distinct-gene set coverage	multi-gene partial reconstruction	IS	Clade 4	IdrA-associated with DIRM-like synteny	20	89.293	95.11	0.833333333333335	0.850600523969925	0.0172671906365894	0	0	0	0	0	0
Nitrogen	Assimilatory nitrate reduction, nitrate => ammonia	Previous algorithm: distinct-gene set coverage	multi-gene partial reconstruction	NS	Clade 1	Canonical AioA-associated	1	78.27	78.27	0	0	0	0	0	0	0	0	0
Nitrogen	Assimilatory nitrate reduction, nitrate => ammonia	Previous algorithm: distinct-gene set coverage	multi-gene partial reconstruction	NS	Clade 2	Unknown/uncertain DMSOR	1	79.77	79.77	0	0	0	0	0	0	0	0	0
Nitrogen	Complete nitrification, comammox, ammonia => nitrite => nitrate	Previous algorithm: distinct-gene set coverage	multi-gene partial reconstruction	AS	Clade 1	Canonical AioA-associated	1	70.14	70.14	0	0	0	0	0	0	0	0	0
Nitrogen	Complete nitrification, comammox, ammonia => nitrite => nitrate	Previous algorithm: distinct-gene set coverage	multi-gene partial reconstruction	AS	Clade 2	Unknown/uncertain DMSOR	1	51.44	51.44	33.3333333333333	64.8004147226542	31.4670813893209	0	100	100	0	0	0
Nitrogen	Complete nitrification, comammox, ammonia => nitrite => nitrate	Previous algorithm: distinct-gene set coverage	multi-gene partial reconstruction	AS	Clade 3	IdrA-associated without complete DIRM-like synteny	1	70.14	70.14	0	0	0	0	0	0	0	0	0
Nitrogen	Complete nitrification, comammox, ammonia => nitrite => nitrate	Previous algorithm: distinct-gene set coverage	multi-gene partial reconstruction	ES	Clade 3	IdrA-associated without complete DIRM-like synteny	6	70.235	71.215	5.55555555555557	6.83512065589921	1.27956510034364	0	0	0	0	0	0
Nitrogen	Complete nitrification, comammox, ammonia => nitrite => nitrate	Previous algorithm: distinct-gene set coverage	multi-gene partial reconstruction	IS	Clade 1	Canonical AioA-associated	1	98.59	98.59	0	0	0	0	0	0	0	0	0
Nitrogen	Complete nitrification, comammox, ammonia => nitrite => nitrate	Previous algorithm: distinct-gene set coverage	multi-gene partial reconstruction	IS	Clade 2	Unknown/uncertain DMSOR	5	69.596	65.87	3.33333333333334	6.32751202227286	2.99417868893952	0	0	0	0	0	0
Nitrogen	Complete nitrification, comammox, ammonia => nitrite => nitrate	Previous algorithm: distinct-gene set coverage	multi-gene partial reconstruction	IS	Clade 3	IdrA-associated without complete DIRM-like synteny	12	78.9958333333333	82.715	5.55555555555556	5.79911853398284	0.24356297842728	8.33333333333333	8.33333333333333	0	0	0	0
Nitrogen	Complete nitrification, comammox, ammonia => nitrite => nitrate	Previous algorithm: distinct-gene set coverage	multi-gene partial reconstruction	IS	Clade 4	IdrA-associated with DIRM-like synteny	20	89.293	95.11	0	0	0	0	0	0	0	0	0
Nitrogen	Complete nitrification, comammox, ammonia => nitrite => nitrate	Previous algorithm: distinct-gene set coverage	multi-gene partial reconstruction	NS	Clade 1	Canonical AioA-associated	1	78.27	78.27	0	0	0	0	0	0	0	0	0
Nitrogen	Complete nitrification, comammox, ammonia => nitrite => nitrate	Previous algorithm: distinct-gene set coverage	multi-gene partial reconstruction	NS	Clade 2	Unknown/uncertain DMSOR	1	79.77	79.77	0	0	0	0	0	0	0	0	0
Nitrogen	Denitrification, nitrate => nitrogen	Previous algorithm: distinct-gene set coverage	multi-gene partial reconstruction	AS	Clade 1	Canonical AioA-associated	1	70.14	70.14	45.4545454545455	64.805454027011	19.3509085724655	0	100	100	0	0	0
Nitrogen	Denitrification, nitrate => nitrogen	Previous algorithm: distinct-gene set coverage	multi-gene partial reconstruction	AS	Clade 2	Unknown/uncertain DMSOR	1	51.44	51.44	27.2727272727273	53.0185211367171	25.7457938639898	0	100	100	0	0	0
Nitrogen	Denitrification, nitrate => nitrogen	Previous algorithm: distinct-gene set coverage	multi-gene partial reconstruction	AS	Clade 3	IdrA-associated without complete DIRM-like synteny	1	70.14	70.14	45.4545454545455	64.805454027011	19.3509085724655	0	100	100	0	0	0
Nitrogen	Denitrification, nitrate => nitrogen	Previous algorithm: distinct-gene set coverage	multi-gene partial reconstruction	ES	Clade 3	IdrA-associated without complete DIRM-like synteny	6	70.235	71.215	21.2121212121212	28.9303913167739	7.71827010465266	0	16.6666666666667	16.6666666666667	0	0	0
Nitrogen	Denitrification, nitrate => nitrogen	Previous algorithm: distinct-gene set coverage	multi-gene partial reconstruction	IS	Clade 1	Canonical AioA-associated	1	98.59	98.59	36.3636363636364	36.8836964840617	0.520060120425271	0	0	0	0	0	0
Nitrogen	Denitrification, nitrate => nitrogen	Previous algorithm: distinct-gene set coverage	multi-gene partial reconstruction	IS	Clade 2	Unknown/uncertain DMSOR	5	69.596	65.87	14.5454545454546	20.8969794304069	6.35152488495234	0	0	0	0	0	0
Nitrogen	Denitrification, nitrate => nitrogen	Previous algorithm: distinct-gene set coverage	multi-gene partial reconstruction	IS	Clade 3	IdrA-associated without complete DIRM-like synteny	12	78.9958333333333	82.715	34.0909090909091	41.159944683931	7.0690355930219	41.6666666666667	50	8.33333333333333	0	0	0
Nitrogen	Denitrification, nitrate => nitrogen	Previous algorithm: distinct-gene set coverage	multi-gene partial reconstruction	IS	Clade 4	IdrA-associated with DIRM-like synteny	20	89.293	95.11	33.6363636363637	37.2919032604044	3.65553962404073	15	20	5	0	0	0
Nitrogen	Denitrification, nitrate => nitrogen	Previous algorithm: distinct-gene set coverage	multi-gene partial reconstruction	NS	Clade 1	Canonical AioA-associated	1	78.27	78.27	0	0	0	0	0	0	0	0	0
Nitrogen	Denitrification, nitrate => nitrogen	Previous algorithm: distinct-gene set coverage	multi-gene partial reconstruction	NS	Clade 2	Unknown/uncertain DMSOR	1	79.77	79.77	9.09090909090909	11.396401016559	2.30549192564988	0	0	0	0	0	0
Nitrogen	Dissimilatory nitrate reduction, nitrate => ammonia	Previous algorithm: distinct-gene set coverage	multi-gene partial reconstruction	AS	Clade 1	Canonical AioA-associated	1	70.14	70.14	44.4444444444444	63.3653328264106	18.9208883819662	0	100	100	0	0	0
Nitrogen	Dissimilatory nitrate reduction, nitrate => ammonia	Previous algorithm: distinct-gene set coverage	multi-gene partial reconstruction	AS	Clade 2	Unknown/uncertain DMSOR	1	51.44	51.44	22.2222222222222	43.2002764817694	20.9780542595472	0	0	0	0	0	0
Nitrogen	Dissimilatory nitrate reduction, nitrate => ammonia	Previous algorithm: distinct-gene set coverage	multi-gene partial reconstruction	AS	Clade 3	IdrA-associated without complete DIRM-like synteny	1	70.14	70.14	44.4444444444444	63.3653328264106	18.9208883819662	0	100	100	0	0	0
Nitrogen	Dissimilatory nitrate reduction, nitrate => ammonia	Previous algorithm: distinct-gene set coverage	multi-gene partial reconstruction	ES	Clade 3	IdrA-associated without complete DIRM-like synteny	6	70.235	71.215	18.5185185185185	23.8814518737571	5.36293335523856	16.6666666666667	16.6666666666667	0	0	0	0
Nitrogen	Dissimilatory nitrate reduction, nitrate => ammonia	Previous algorithm: distinct-gene set coverage	multi-gene partial reconstruction	IS	Clade 1	Canonical AioA-associated	1	98.59	98.59	33.3333333333333	33.8100551103898	0.476721777056497	0	0	0	0	0	0
Nitrogen	Dissimilatory nitrate reduction, nitrate => ammonia	Previous algorithm: distinct-gene set coverage	multi-gene partial reconstruction	IS	Clade 2	Unknown/uncertain DMSOR	5	69.596	65.87	8.88888888888888	13.2609311164299	4.37204222754106	0	0	0	0	0	0
Nitrogen	Dissimilatory nitrate reduction, nitrate => ammonia	Previous algorithm: distinct-gene set coverage	multi-gene partial reconstruction	IS	Clade 3	IdrA-associated without complete DIRM-like synteny	12	78.9958333333333	82.715	24.0740740740741	30.0005819165546	5.92650784248052	8.33333333333333	16.6666666666667	8.33333333333333	0	0	0
Nitrogen	Dissimilatory nitrate reduction, nitrate => ammonia	Previous algorithm: distinct-gene set coverage	multi-gene partial reconstruction	IS	Clade 4	IdrA-associated with DIRM-like synteny	20	89.293	95.11	17.2222222222222	20.3531008731027	3.13087865088051	0	5	5	0	0	0
Nitrogen	Dissimilatory nitrate reduction, nitrate => ammonia	Previous algorithm: distinct-gene set coverage	multi-gene partial reconstruction	NS	Clade 1	Canonical AioA-associated	1	78.27	78.27	11.1111111111111	14.1958746788183	3.08476356770722	0	0	0	0	0	0
Nitrogen	Dissimilatory nitrate reduction, nitrate => ammonia	Previous algorithm: distinct-gene set coverage	multi-gene partial reconstruction	NS	Clade 2	Unknown/uncertain DMSOR	1	79.77	79.77	0	0	0	0	0	0	0	0	0
Nitrogen	Nitrate assimilation	Previous algorithm: distinct-gene set coverage	multi-gene partial reconstruction	AS	Clade 1	Canonical AioA-associated	1	70.14	70.14	100	100	0	100	100	0	100	100	0
Nitrogen	Nitrate assimilation	Previous algorithm: distinct-gene set coverage	multi-gene partial reconstruction	AS	Clade 2	Unknown/uncertain DMSOR	1	51.44	51.44	0	0	0	0	0	0	0	0	0
Nitrogen	Nitrate assimilation	Previous algorithm: distinct-gene set coverage	multi-gene partial reconstruction	AS	Clade 3	IdrA-associated without complete DIRM-like synteny	1	70.14	70.14	100	100	0	100	100	0	100	100	0
Nitrogen	Nitrate assimilation	Previous algorithm: distinct-gene set coverage	multi-gene partial reconstruction	ES	Clade 3	IdrA-associated without complete DIRM-like synteny	6	70.235	71.215	16.6666666666667	16.6666666666667	0	16.6666666666667	16.6666666666667	0	16.6666666666667	16.6666666666667	0
Nitrogen	Nitrate assimilation	Previous algorithm: distinct-gene set coverage	multi-gene partial reconstruction	IS	Clade 1	Canonical AioA-associated	1	98.59	98.59	100	100	0	100	100	0	100	100	0
Nitrogen	Nitrate assimilation	Previous algorithm: distinct-gene set coverage	multi-gene partial reconstruction	IS	Clade 2	Unknown/uncertain DMSOR	5	69.596	65.87	60	60	0	60	60	0	60	60	0
Nitrogen	Nitrate assimilation	Previous algorithm: distinct-gene set coverage	multi-gene partial reconstruction	IS	Clade 3	IdrA-associated without complete DIRM-like synteny	12	78.9958333333333	82.715	33.3333333333333	33.3333333333333	0	33.3333333333333	33.3333333333333	0	33.3333333333333	33.3333333333333	0
Nitrogen	Nitrate assimilation	Previous algorithm: distinct-gene set coverage	multi-gene partial reconstruction	IS	Clade 4	IdrA-associated with DIRM-like synteny	20	89.293	95.11	50	50	0	50	50	0	50	50	0
Nitrogen	Nitrate assimilation	Previous algorithm: distinct-gene set coverage	multi-gene partial reconstruction	NS	Clade 1	Canonical AioA-associated	1	78.27	78.27	0	0	0	0	0	0	0	0	0
Nitrogen	Nitrate assimilation	Previous algorithm: distinct-gene set coverage	multi-gene partial reconstruction	NS	Clade 2	Unknown/uncertain DMSOR	1	79.77	79.77	0	0	0	0	0	0	0	0	0
Nitrogen	Nitrification, ammonia => nitrite	Previous algorithm: distinct-gene set coverage	multi-gene partial reconstruction	AS	Clade 1	Canonical AioA-associated	1	70.14	70.14	0	0	0	0	0	0	0	0	0
Nitrogen	Nitrification, ammonia => nitrite	Previous algorithm: distinct-gene set coverage	multi-gene partial reconstruction	AS	Clade 2	Unknown/uncertain DMSOR	1	51.44	51.44	0	0	0	0	0	0	0	0	0
Nitrogen	Nitrification, ammonia => nitrite	Previous algorithm: distinct-gene set coverage	multi-gene partial reconstruction	AS	Clade 3	IdrA-associated without complete DIRM-like synteny	1	70.14	70.14	0	0	0	0	0	0	0	0	0
Nitrogen	Nitrification, ammonia => nitrite	Previous algorithm: distinct-gene set coverage	multi-gene partial reconstruction	ES	Clade 3	IdrA-associated without complete DIRM-like synteny	6	70.235	71.215	4.16666666666667	5.1263404919244	0.95967382525773	0	0	0	0	0	0
Nitrogen	Nitrification, ammonia => nitrite	Previous algorithm: distinct-gene set coverage	multi-gene partial reconstruction	IS	Clade 1	Canonical AioA-associated	1	98.59	98.59	0	0	0	0	0	0	0	0	0
Nitrogen	Nitrification, ammonia => nitrite	Previous algorithm: distinct-gene set coverage	multi-gene partial reconstruction	IS	Clade 2	Unknown/uncertain DMSOR	5	69.596	65.87	0	0	0	0	0	0	0	0	0
Nitrogen	Nitrification, ammonia => nitrite	Previous algorithm: distinct-gene set coverage	multi-gene partial reconstruction	IS	Clade 3	IdrA-associated without complete DIRM-like synteny	12	78.9958333333333	82.715	4.16666666666667	4.34933890048713	0.182672233820459	8.33333333333333	8.33333333333333	0	0	0	0
Nitrogen	Nitrification, ammonia => nitrite	Previous algorithm: distinct-gene set coverage	multi-gene partial reconstruction	IS	Clade 4	IdrA-associated with DIRM-like synteny	20	89.293	95.11	0	0	0	0	0	0	0	0	0
Nitrogen	Nitrification, ammonia => nitrite	Previous algorithm: distinct-gene set coverage	multi-gene partial reconstruction	NS	Clade 1	Canonical AioA-associated	1	78.27	78.27	0	0	0	0	0	0	0	0	0
Nitrogen	Nitrification, ammonia => nitrite	Previous algorithm: distinct-gene set coverage	multi-gene partial reconstruction	NS	Clade 2	Unknown/uncertain DMSOR	1	79.77	79.77	0	0	0	0	0	0	0	0	0
Nitrogen	Nitrogen fixation, nitrogen => ammonia	Previous algorithm: distinct-gene set coverage	multi-gene partial reconstruction	AS	Clade 1	Canonical AioA-associated	1	70.14	70.14	0	0	0	0	0	0	0	0	0
Nitrogen	Nitrogen fixation, nitrogen => ammonia	Previous algorithm: distinct-gene set coverage	multi-gene partial reconstruction	AS	Clade 2	Unknown/uncertain DMSOR	1	51.44	51.44	0	0	0	0	0	0	0	0	0
Nitrogen	Nitrogen fixation, nitrogen => ammonia	Previous algorithm: distinct-gene set coverage	multi-gene partial reconstruction	AS	Clade 3	IdrA-associated without complete DIRM-like synteny	1	70.14	70.14	0	0	0	0	0	0	0	0	0
Nitrogen	Nitrogen fixation, nitrogen => ammonia	Previous algorithm: distinct-gene set coverage	multi-gene partial reconstruction	ES	Clade 3	IdrA-associated without complete DIRM-like synteny	6	70.235	71.215	0	0	0	0	0	0	0	0	0
Nitrogen	Nitrogen fixation, nitrogen => ammonia	Previous algorithm: distinct-gene set coverage	multi-gene partial reconstruction	IS	Clade 1	Canonical AioA-associated	1	98.59	98.59	0	0	0	0	0	0	0	0	0
Nitrogen	Nitrogen fixation, nitrogen => ammonia	Previous algorithm: distinct-gene set coverage	multi-gene partial reconstruction	IS	Clade 2	Unknown/uncertain DMSOR	5	69.596	65.87	0	0	0	0	0	0	0	0	0
Nitrogen	Nitrogen fixation, nitrogen => ammonia	Previous algorithm: distinct-gene set coverage	multi-gene partial reconstruction	IS	Clade 3	IdrA-associated without complete DIRM-like synteny	12	78.9958333333333	82.715	0	0	0	0	0	0	0	0	0
Nitrogen	Nitrogen fixation, nitrogen => ammonia	Previous algorithm: distinct-gene set coverage	multi-gene partial reconstruction	IS	Clade 4	IdrA-associated with DIRM-like synteny	20	89.293	95.11	0	0	0	0	0	0	0	0	0
Nitrogen	Nitrogen fixation, nitrogen => ammonia	Previous algorithm: distinct-gene set coverage	multi-gene partial reconstruction	NS	Clade 1	Canonical AioA-associated	1	78.27	78.27	0	0	0	0	0	0	0	0	0
Nitrogen	Nitrogen fixation, nitrogen => ammonia	Previous algorithm: distinct-gene set coverage	multi-gene partial reconstruction	NS	Clade 2	Unknown/uncertain DMSOR	1	79.77	79.77	0	0	0	0	0	0	0	0	0
Nitrogen	Urea cycle	Previous algorithm: distinct-gene set coverage	multi-gene partial reconstruction	AS	Clade 1	Canonical AioA-associated	1	70.14	70.14	50	71.285999429712	21.285999429712	100	100	0	0	0	0
Nitrogen	Urea cycle	Previous algorithm: distinct-gene set coverage	multi-gene partial reconstruction	AS	Clade 2	Unknown/uncertain DMSOR	1	51.44	51.44	33.3333333333333	64.8004147226542	31.4670813893209	0	100	100	0	0	0
Nitrogen	Urea cycle	Previous algorithm: distinct-gene set coverage	multi-gene partial reconstruction	AS	Clade 3	IdrA-associated without complete DIRM-like synteny	1	70.14	70.14	50	71.285999429712	21.285999429712	100	100	0	0	0	0
Nitrogen	Urea cycle	Previous algorithm: distinct-gene set coverage	multi-gene partial reconstruction	ES	Clade 3	IdrA-associated without complete DIRM-like synteny	6	70.235	71.215	47.2222222222222	67.3147730063251	20.0925507841029	66.6666666666667	100	33.3333333333333	0	16.6666666666667	16.6666666666667
Nitrogen	Urea cycle	Previous algorithm: distinct-gene set coverage	multi-gene partial reconstruction	IS	Clade 1	Canonical AioA-associated	1	98.59	98.59	50	50.7150826655847	0.715082665584745	100	100	0	0	0	0
Nitrogen	Urea cycle	Previous algorithm: distinct-gene set coverage	multi-gene partial reconstruction	IS	Clade 2	Unknown/uncertain DMSOR	5	69.596	65.87	36.6666666666667	52.2388712619563	15.5722045952896	40	60	20	0	20	20
Nitrogen	Urea cycle	Previous algorithm: distinct-gene set coverage	multi-gene partial reconstruction	IS	Clade 3	IdrA-associated without complete DIRM-like synteny	12	78.9958333333333	82.715	45.8333333333333	58.532443541062	12.6991102077287	66.6666666666667	75	8.33333333333334	0	16.6666666666667	16.6666666666667
Nitrogen	Urea cycle	Previous algorithm: distinct-gene set coverage	multi-gene partial reconstruction	IS	Clade 4	IdrA-associated with DIRM-like synteny	20	89.293	95.11	52.5	59.0440745830143	6.54407458301432	85	95	10	0	5	5
Nitrogen	Urea cycle	Previous algorithm: distinct-gene set coverage	multi-gene partial reconstruction	NS	Clade 1	Canonical AioA-associated	1	78.27	78.27	66.6666666666667	85.1752480729101	18.5085814062434	100	100	0	0	100	100
Nitrogen	Urea cycle	Previous algorithm: distinct-gene set coverage	multi-gene partial reconstruction	NS	Clade 2	Unknown/uncertain DMSOR	1	79.77	79.77	0	0	0	0	0	0	0	0	0
Nitrogen	Urea transport system	Previous algorithm: distinct-gene set coverage	multi-gene partial reconstruction	AS	Clade 1	Canonical AioA-associated	1	70.14	70.14	0	0	0	0	0	0	0	0	0
Nitrogen	Urea transport system	Previous algorithm: distinct-gene set coverage	multi-gene partial reconstruction	AS	Clade 2	Unknown/uncertain DMSOR	1	51.44	51.44	0	0	0	0	0	0	0	0	0
Nitrogen	Urea transport system	Previous algorithm: distinct-gene set coverage	multi-gene partial reconstruction	AS	Clade 3	IdrA-associated without complete DIRM-like synteny	1	70.14	70.14	0	0	0	0	0	0	0	0	0
Nitrogen	Urea transport system	Previous algorithm: distinct-gene set coverage	multi-gene partial reconstruction	ES	Clade 3	IdrA-associated without complete DIRM-like synteny	6	70.235	71.215	0	0	0	0	0	0	0	0	0
Nitrogen	Urea transport system	Previous algorithm: distinct-gene set coverage	multi-gene partial reconstruction	IS	Clade 1	Canonical AioA-associated	1	98.59	98.59	100	100	0	100	100	0	100	100	0
Nitrogen	Urea transport system	Previous algorithm: distinct-gene set coverage	multi-gene partial reconstruction	IS	Clade 2	Unknown/uncertain DMSOR	5	69.596	65.87	0	0	0	0	0	0	0	0	0
Nitrogen	Urea transport system	Previous algorithm: distinct-gene set coverage	multi-gene partial reconstruction	IS	Clade 3	IdrA-associated without complete DIRM-like synteny	12	78.9958333333333	82.715	11.6666666666667	11.7786391042205	0.111972437553832	8.33333333333333	8.33333333333333	0	8.33333333333333	8.33333333333333	0
Nitrogen	Urea transport system	Previous algorithm: distinct-gene set coverage	multi-gene partial reconstruction	IS	Clade 4	IdrA-associated with DIRM-like synteny	20	89.293	95.11	15	15.1960838987885	0.196083898788476	15	15	0	15	15	0
Nitrogen	Urea transport system	Previous algorithm: distinct-gene set coverage	multi-gene partial reconstruction	NS	Clade 1	Canonical AioA-associated	1	78.27	78.27	0	0	0	0	0	0	0	0	0
Nitrogen	Urea transport system	Previous algorithm: distinct-gene set coverage	multi-gene partial reconstruction	NS	Clade 2	Unknown/uncertain DMSOR	1	79.77	79.77	0	0	0	0	0	0	0	0	0
Nitrogen	nitrite + ammonia => nitrogen	Previous algorithm: distinct-gene set coverage	multi-gene partial reconstruction	AS	Clade 1	Canonical AioA-associated	1	70.14	70.14	11.1111111111111	15.8413332066027	4.73022209549155	0	0	0	0	0	0
Nitrogen	nitrite + ammonia => nitrogen	Previous algorithm: distinct-gene set coverage	multi-gene partial reconstruction	AS	Clade 2	Unknown/uncertain DMSOR	1	51.44	51.44	22.2222222222222	43.2002764817694	20.9780542595472	0	0	0	0	0	0
Nitrogen	nitrite + ammonia => nitrogen	Previous algorithm: distinct-gene set coverage	multi-gene partial reconstruction	AS	Clade 3	IdrA-associated without complete DIRM-like synteny	1	70.14	70.14	11.1111111111111	15.8413332066027	4.73022209549155	0	0	0	0	0	0
Nitrogen	nitrite + ammonia => nitrogen	Previous algorithm: distinct-gene set coverage	multi-gene partial reconstruction	ES	Clade 3	IdrA-associated without complete DIRM-like synteny	6	70.235	71.215	7.4074074074074	10.0254149699748	2.6180075625674	0	0	0	0	0	0
Nitrogen	nitrite + ammonia => nitrogen	Previous algorithm: distinct-gene set coverage	multi-gene partial reconstruction	IS	Clade 1	Canonical AioA-associated	1	98.59	98.59	0	0	0	0	0	0	0	0	0
Nitrogen	nitrite + ammonia => nitrogen	Previous algorithm: distinct-gene set coverage	multi-gene partial reconstruction	IS	Clade 2	Unknown/uncertain DMSOR	5	69.596	65.87	6.66666666666666	9.85702109433669	3.19035442767003	0	0	0	0	0	0
Nitrogen	nitrite + ammonia => nitrogen	Previous algorithm: distinct-gene set coverage	multi-gene partial reconstruction	IS	Clade 3	IdrA-associated without complete DIRM-like synteny	12	78.9958333333333	82.715	9.25925925925925	10.8869228728716	1.62766361361232	0	0	0	0	0	0
Nitrogen	nitrite + ammonia => nitrogen	Previous algorithm: distinct-gene set coverage	multi-gene partial reconstruction	IS	Clade 4	IdrA-associated with DIRM-like synteny	20	89.293	95.11	9.44444444444444	10.2680576449709	0.82361320052643	0	0	0	0	0	0
Nitrogen	nitrite + ammonia => nitrogen	Previous algorithm: distinct-gene set coverage	multi-gene partial reconstruction	NS	Clade 1	Canonical AioA-associated	1	78.27	78.27	0	0	0	0	0	0	0	0	0
Nitrogen	nitrite + ammonia => nitrogen	Previous algorithm: distinct-gene set coverage	multi-gene partial reconstruction	NS	Clade 2	Unknown/uncertain DMSOR	1	79.77	79.77	0	0	0	0	0	0	0	0	0
Sulfur	Assimilatory sulfate reduction, sulfate => H2S	Previous algorithm: distinct-gene set coverage	multi-gene partial reconstruction	AS	Clade 1	Canonical AioA-associated	1	70.14	70.14	10	14.2571998859424	4.2571998859424	0	0	0	0	0	0
Sulfur	Assimilatory sulfate reduction, sulfate => H2S	Previous algorithm: distinct-gene set coverage	multi-gene partial reconstruction	AS	Clade 2	Unknown/uncertain DMSOR	1	51.44	51.44	0	0	0	0	0	0	0	0	0
Sulfur	Assimilatory sulfate reduction, sulfate => H2S	Previous algorithm: distinct-gene set coverage	multi-gene partial reconstruction	AS	Clade 3	IdrA-associated without complete DIRM-like synteny	1	70.14	70.14	10	14.2571998859424	4.2571998859424	0	0	0	0	0	0
Sulfur	Assimilatory sulfate reduction, sulfate => H2S	Previous algorithm: distinct-gene set coverage	multi-gene partial reconstruction	ES	Clade 3	IdrA-associated without complete DIRM-like synteny	6	70.235	71.215	11.6666666666667	16.4587388617587	4.79207219509207	0	0	0	0	0	0
Sulfur	Assimilatory sulfate reduction, sulfate => H2S	Previous algorithm: distinct-gene set coverage	multi-gene partial reconstruction	IS	Clade 1	Canonical AioA-associated	1	98.59	98.59	30	30.4290495993508	0.429049599350847	0	0	0	0	0	0
Sulfur	Assimilatory sulfate reduction, sulfate => H2S	Previous algorithm: distinct-gene set coverage	multi-gene partial reconstruction	IS	Clade 2	Unknown/uncertain DMSOR	5	69.596	65.87	8	9.91209176132008	1.91209176132008	0	0	0	0	0	0
Sulfur	Assimilatory sulfate reduction, sulfate => H2S	Previous algorithm: distinct-gene set coverage	multi-gene partial reconstruction	IS	Clade 3	IdrA-associated without complete DIRM-like synteny	12	78.9958333333333	82.715	19.1666666666667	23.9717849995786	4.80511833291188	16.6666666666667	16.6666666666667	0	0	0	0
Sulfur	Assimilatory sulfate reduction, sulfate => H2S	Previous algorithm: distinct-gene set coverage	multi-gene partial reconstruction	IS	Clade 4	IdrA-associated with DIRM-like synteny	20	89.293	95.11	27.5	30.7555780044883	3.25557800448834	10	15	5	0	0	0
Sulfur	Assimilatory sulfate reduction, sulfate => H2S	Previous algorithm: distinct-gene set coverage	multi-gene partial reconstruction	NS	Clade 1	Canonical AioA-associated	1	78.27	78.27	10	12.7762872109365	2.7762872109365	0	0	0	0	0	0
Sulfur	Assimilatory sulfate reduction, sulfate => H2S	Previous algorithm: distinct-gene set coverage	multi-gene partial reconstruction	NS	Clade 2	Unknown/uncertain DMSOR	1	79.77	79.77	0	0	0	0	0	0	0	0	0
Sulfur	Dissimilatory sulfate reduction, sulfate => H2S	Previous algorithm: distinct-gene set coverage	multi-gene partial reconstruction	AS	Clade 1	Canonical AioA-associated	1	70.14	70.14	28.5714285714286	40.7348568169783	12.1634282455497	0	0	0	0	0	0
Sulfur	Dissimilatory sulfate reduction, sulfate => H2S	Previous algorithm: distinct-gene set coverage	multi-gene partial reconstruction	AS	Clade 2	Unknown/uncertain DMSOR	1	51.44	51.44	0	0	0	0	0	0	0	0	0
Sulfur	Dissimilatory sulfate reduction, sulfate => H2S	Previous algorithm: distinct-gene set coverage	multi-gene partial reconstruction	AS	Clade 3	IdrA-associated without complete DIRM-like synteny	1	70.14	70.14	28.5714285714286	40.7348568169783	12.1634282455497	0	0	0	0	0	0
Sulfur	Dissimilatory sulfate reduction, sulfate => H2S	Previous algorithm: distinct-gene set coverage	multi-gene partial reconstruction	ES	Clade 3	IdrA-associated without complete DIRM-like synteny	6	70.235	71.215	28.5714285714286	37.2100891340765	8.63866056264794	16.6666666666667	33.3333333333333	16.6666666666667	0	16.6666666666667	16.6666666666667
Sulfur	Dissimilatory sulfate reduction, sulfate => H2S	Previous algorithm: distinct-gene set coverage	multi-gene partial reconstruction	IS	Clade 1	Canonical AioA-associated	1	98.59	98.59	28.5714285714286	28.980047237477	0.408618666048426	0	0	0	0	0	0
Sulfur	Dissimilatory sulfate reduction, sulfate => H2S	Previous algorithm: distinct-gene set coverage	multi-gene partial reconstruction	IS	Clade 2	Unknown/uncertain DMSOR	5	69.596	65.87	8.57142857142858	11.2479479695257	2.67651939809708	0	0	0	0	0	0
Sulfur	Dissimilatory sulfate reduction, sulfate => H2S	Previous algorithm: distinct-gene set coverage	multi-gene partial reconstruction	IS	Clade 3	IdrA-associated without complete DIRM-like synteny	12	78.9958333333333	82.715	40.4761904761905	48.2947607499555	7.81857027376499	33.3333333333333	41.6666666666667	8.33333333333334	0	8.33333333333333	8.33333333333333
Sulfur	Dissimilatory sulfate reduction, sulfate => H2S	Previous algorithm: distinct-gene set coverage	multi-gene partial reconstruction	IS	Clade 4	IdrA-associated with DIRM-like synteny	20	89.293	95.11	35.7142857142857	40.6519046444275	4.93761893014173	5	20	15	0	5	5
Sulfur	Dissimilatory sulfate reduction, sulfate => H2S	Previous algorithm: distinct-gene set coverage	multi-gene partial reconstruction	NS	Clade 1	Canonical AioA-associated	1	78.27	78.27	14.2857142857143	18.2518388727665	3.96612458705215	0	0	0	0	0	0
Sulfur	Dissimilatory sulfate reduction, sulfate => H2S	Previous algorithm: distinct-gene set coverage	multi-gene partial reconstruction	NS	Clade 2	Unknown/uncertain DMSOR	1	79.77	79.77	0	0	0	0	0	0	0	0	0
Sulfur	Sulfate/thiosulfate transport system	Previous algorithm: distinct-gene set coverage	multi-gene partial reconstruction	AS	Clade 1	Canonical AioA-associated	1	70.14	70.14	0	0	0	0	0	0	0	0	0
Sulfur	Sulfate/thiosulfate transport system	Previous algorithm: distinct-gene set coverage	multi-gene partial reconstruction	AS	Clade 2	Unknown/uncertain DMSOR	1	51.44	51.44	0	0	0	0	0	0	0	0	0
Sulfur	Sulfate/thiosulfate transport system	Previous algorithm: distinct-gene set coverage	multi-gene partial reconstruction	AS	Clade 3	IdrA-associated without complete DIRM-like synteny	1	70.14	70.14	0	0	0	0	0	0	0	0	0
Sulfur	Sulfate/thiosulfate transport system	Previous algorithm: distinct-gene set coverage	multi-gene partial reconstruction	ES	Clade 3	IdrA-associated without complete DIRM-like synteny	6	70.235	71.215	0	0	0	0	0	0	0	0	0
Sulfur	Sulfate/thiosulfate transport system	Previous algorithm: distinct-gene set coverage	multi-gene partial reconstruction	IS	Clade 1	Canonical AioA-associated	1	98.59	98.59	80	81.1441322649356	1.14413226493559	100	100	0	100	100	0
Sulfur	Sulfate/thiosulfate transport system	Previous algorithm: distinct-gene set coverage	multi-gene partial reconstruction	IS	Clade 2	Unknown/uncertain DMSOR	5	69.596	65.87	0	0	0	0	0	0	0	0	0
Sulfur	Sulfate/thiosulfate transport system	Previous algorithm: distinct-gene set coverage	multi-gene partial reconstruction	IS	Clade 3	IdrA-associated without complete DIRM-like synteny	12	78.9958333333333	82.715	0	0	0	0	0	0	0	0	0
Sulfur	Sulfate/thiosulfate transport system	Previous algorithm: distinct-gene set coverage	multi-gene partial reconstruction	IS	Clade 4	IdrA-associated with DIRM-like synteny	20	89.293	95.11	0	0	0	0	0	0	0	0	0
Sulfur	Sulfate/thiosulfate transport system	Previous algorithm: distinct-gene set coverage	multi-gene partial reconstruction	NS	Clade 1	Canonical AioA-associated	1	78.27	78.27	0	0	0	0	0	0	0	0	0
Sulfur	Sulfate/thiosulfate transport system	Previous algorithm: distinct-gene set coverage	multi-gene partial reconstruction	NS	Clade 2	Unknown/uncertain DMSOR	1	79.77	79.77	0	0	0	0	0	0	0	0	0
Sulfur	Sulfonate transport system	Previous algorithm: distinct-gene set coverage	multi-gene partial reconstruction	AS	Clade 1	Canonical AioA-associated	1	70.14	70.14	0	0	0	0	0	0	0	0	0
Sulfur	Sulfonate transport system	Previous algorithm: distinct-gene set coverage	multi-gene partial reconstruction	AS	Clade 2	Unknown/uncertain DMSOR	1	51.44	51.44	0	0	0	0	0	0	0	0	0
Sulfur	Sulfonate transport system	Previous algorithm: distinct-gene set coverage	multi-gene partial reconstruction	AS	Clade 3	IdrA-associated without complete DIRM-like synteny	1	70.14	70.14	0	0	0	0	0	0	0	0	0
Sulfur	Sulfonate transport system	Previous algorithm: distinct-gene set coverage	multi-gene partial reconstruction	ES	Clade 3	IdrA-associated without complete DIRM-like synteny	6	70.235	71.215	22.2222222222222	28.4471036146438	6.22488139242161	33.3333333333333	33.3333333333333	0	0	16.6666666666667	16.6666666666667
Sulfur	Sulfonate transport system	Previous algorithm: distinct-gene set coverage	multi-gene partial reconstruction	IS	Clade 1	Canonical AioA-associated	1	98.59	98.59	0	0	0	0	0	0	0	0	0
Sulfur	Sulfonate transport system	Previous algorithm: distinct-gene set coverage	multi-gene partial reconstruction	IS	Clade 2	Unknown/uncertain DMSOR	5	69.596	65.87	0	0	0	0	0	0	0	0	0
Sulfur	Sulfonate transport system	Previous algorithm: distinct-gene set coverage	multi-gene partial reconstruction	IS	Clade 3	IdrA-associated without complete DIRM-like synteny	12	78.9958333333333	82.715	11.1111111111111	13.0040207193705	1.89290960825937	0	0	0	0	0	0
Sulfur	Sulfonate transport system	Previous algorithm: distinct-gene set coverage	multi-gene partial reconstruction	IS	Clade 4	IdrA-associated with DIRM-like synteny	20	89.293	95.11	16.6666666666667	19.3890498949966	2.72238322832999	5	10	5	0	0	0
Sulfur	Sulfonate transport system	Previous algorithm: distinct-gene set coverage	multi-gene partial reconstruction	NS	Clade 1	Canonical AioA-associated	1	78.27	78.27	0	0	0	0	0	0	0	0	0
Sulfur	Sulfonate transport system	Previous algorithm: distinct-gene set coverage	multi-gene partial reconstruction	NS	Clade 2	Unknown/uncertain DMSOR	1	79.77	79.77	0	0	0	0	0	0	0	0	0
Sulfur	Thiosulfate oxidation by SOX complex, thiosulfate => sulfate	Previous algorithm: distinct-gene set coverage	multi-gene partial reconstruction	AS	Clade 1	Canonical AioA-associated	1	70.14	70.14	57.1428571428571	81.4697136339565	24.3268564910994	100	100	0	0	100	100
Sulfur	Thiosulfate oxidation by SOX complex, thiosulfate => sulfate	Previous algorithm: distinct-gene set coverage	multi-gene partial reconstruction	AS	Clade 2	Unknown/uncertain DMSOR	1	51.44	51.44	0	0	0	0	0	0	0	0	0
Sulfur	Thiosulfate oxidation by SOX complex, thiosulfate => sulfate	Previous algorithm: distinct-gene set coverage	multi-gene partial reconstruction	AS	Clade 3	IdrA-associated without complete DIRM-like synteny	1	70.14	70.14	57.1428571428571	81.4697136339565	24.3268564910994	100	100	0	0	100	100
Sulfur	Thiosulfate oxidation by SOX complex, thiosulfate => sulfate	Previous algorithm: distinct-gene set coverage	multi-gene partial reconstruction	ES	Clade 3	IdrA-associated without complete DIRM-like synteny	6	70.235	71.215	11.9047619047619	14.3749592292041	2.47019732444221	0	0	0	0	0	0
Sulfur	Thiosulfate oxidation by SOX complex, thiosulfate => sulfate	Previous algorithm: distinct-gene set coverage	multi-gene partial reconstruction	IS	Clade 1	Canonical AioA-associated	1	98.59	98.59	14.2857142857143	14.4900236187385	0.204309333024213	0	0	0	0	0	0
Sulfur	Thiosulfate oxidation by SOX complex, thiosulfate => sulfate	Previous algorithm: distinct-gene set coverage	multi-gene partial reconstruction	IS	Clade 2	Unknown/uncertain DMSOR	5	69.596	65.87	0	0	0	0	0	0	0	0	0
Sulfur	Thiosulfate oxidation by SOX complex, thiosulfate => sulfate	Previous algorithm: distinct-gene set coverage	multi-gene partial reconstruction	IS	Clade 3	IdrA-associated without complete DIRM-like synteny	12	78.9958333333333	82.715	52.3809523809524	59.9709587345803	7.5900063536279	66.6666666666667	66.6666666666667	0	16.6666666666667	41.6666666666667	25
Sulfur	Thiosulfate oxidation by SOX complex, thiosulfate => sulfate	Previous algorithm: distinct-gene set coverage	multi-gene partial reconstruction	IS	Clade 4	IdrA-associated with DIRM-like synteny	20	89.293	95.11	53.5714285714286	58.2605462478781	4.68911767644953	70	70	0	30	45	15
Sulfur	Thiosulfate oxidation by SOX complex, thiosulfate => sulfate	Previous algorithm: distinct-gene set coverage	multi-gene partial reconstruction	NS	Clade 1	Canonical AioA-associated	1	78.27	78.27	42.8571428571429	54.7555166182994	11.8983737611565	0	100	100	0	0	0
Sulfur	Thiosulfate oxidation by SOX complex, thiosulfate => sulfate	Previous algorithm: distinct-gene set coverage	multi-gene partial reconstruction	NS	Clade 2	Unknown/uncertain DMSOR	1	79.77	79.77	0	0	0	0	0	0	0	0	0
Vitamin B12	Cobalamin biosynthesis, cobinamide => cobalamin	Previous algorithm: distinct-gene set coverage	multi-gene partial reconstruction	AS	Clade 1	Canonical AioA-associated	1	70.14	70.14	12.5	17.821499857428	5.321499857428	0	0	0	0	0	0
Vitamin B12	Cobalamin biosynthesis, cobinamide => cobalamin	Previous algorithm: distinct-gene set coverage	multi-gene partial reconstruction	AS	Clade 2	Unknown/uncertain DMSOR	1	51.44	51.44	12.5	24.3001555209953	11.8001555209953	0	0	0	0	0	0
Vitamin B12	Cobalamin biosynthesis, cobinamide => cobalamin	Previous algorithm: distinct-gene set coverage	multi-gene partial reconstruction	AS	Clade 3	IdrA-associated without complete DIRM-like synteny	1	70.14	70.14	12.5	17.821499857428	5.321499857428	0	0	0	0	0	0
Vitamin B12	Cobalamin biosynthesis, cobinamide => cobalamin	Previous algorithm: distinct-gene set coverage	multi-gene partial reconstruction	ES	Clade 3	IdrA-associated without complete DIRM-like synteny	6	70.235	71.215	14.5833333333333	21.2120379571643	6.62870462383095	0	0	0	0	0	0
Vitamin B12	Cobalamin biosynthesis, cobinamide => cobalamin	Previous algorithm: distinct-gene set coverage	multi-gene partial reconstruction	IS	Clade 1	Canonical AioA-associated	1	98.59	98.59	62.5	63.3938533319809	0.893853331980928	100	100	0	0	0	0
Vitamin B12	Cobalamin biosynthesis, cobinamide => cobalamin	Previous algorithm: distinct-gene set coverage	multi-gene partial reconstruction	IS	Clade 2	Unknown/uncertain DMSOR	5	69.596	65.87	12.5	18.7139019920927	6.2139019920927	0	0	0	0	0	0
Vitamin B12	Cobalamin biosynthesis, cobinamide => cobalamin	Previous algorithm: distinct-gene set coverage	multi-gene partial reconstruction	IS	Clade 3	IdrA-associated without complete DIRM-like synteny	12	78.9958333333333	82.715	59.375	71.516048019614	12.141048019614	83.3333333333333	83.3333333333333	0	41.6666666666667	50	8.33333333333333
Vitamin B12	Cobalamin biosynthesis, cobinamide => cobalamin	Previous algorithm: distinct-gene set coverage	multi-gene partial reconstruction	IS	Clade 4	IdrA-associated with DIRM-like synteny	20	89.293	95.11	79.375	86.5563591265238	7.18135912652377	100	100	0	90	95	5
Vitamin B12	Cobalamin biosynthesis, cobinamide => cobalamin	Previous algorithm: distinct-gene set coverage	multi-gene partial reconstruction	NS	Clade 1	Canonical AioA-associated	1	78.27	78.27	25	31.9407180273413	6.94071802734126	0	0	0	0	0	0
Vitamin B12	Cobalamin biosynthesis, cobinamide => cobalamin	Previous algorithm: distinct-gene set coverage	multi-gene partial reconstruction	NS	Clade 2	Unknown/uncertain DMSOR	1	79.77	79.77	0	0	0	0	0	0	0	0	0
Vitamin B12	Cobalamin biosynthesis, precorrin2 => cobinamide	Previous algorithm: distinct-gene set coverage	multi-gene partial reconstruction	AS	Clade 1	Canonical AioA-associated	1	70.14	70.14	8	11.4057599087539	3.40575990875392	0	0	0	0	0	0
Vitamin B12	Cobalamin biosynthesis, precorrin2 => cobinamide	Previous algorithm: distinct-gene set coverage	multi-gene partial reconstruction	AS	Clade 2	Unknown/uncertain DMSOR	1	51.44	51.44	0	0	0	0	0	0	0	0	0
Vitamin B12	Cobalamin biosynthesis, precorrin2 => cobinamide	Previous algorithm: distinct-gene set coverage	multi-gene partial reconstruction	AS	Clade 3	IdrA-associated without complete DIRM-like synteny	1	70.14	70.14	8	11.4057599087539	3.40575990875392	0	0	0	0	0	0
Vitamin B12	Cobalamin biosynthesis, precorrin2 => cobinamide	Previous algorithm: distinct-gene set coverage	multi-gene partial reconstruction	ES	Clade 3	IdrA-associated without complete DIRM-like synteny	6	70.235	71.215	13.3333333333333	20.8327955566943	7.49946222336098	0	16.6666666666667	16.6666666666667	0	0	0
Vitamin B12	Cobalamin biosynthesis, precorrin2 => cobinamide	Previous algorithm: distinct-gene set coverage	multi-gene partial reconstruction	IS	Clade 1	Canonical AioA-associated	1	98.59	98.59	4	4.05720661324678	0.0572066132467794	0	0	0	0	0	0
Vitamin B12	Cobalamin biosynthesis, precorrin2 => cobinamide	Previous algorithm: distinct-gene set coverage	multi-gene partial reconstruction	IS	Clade 2	Unknown/uncertain DMSOR	5	69.596	65.87	0	0	0	0	0	0	0	0	0
Vitamin B12	Cobalamin biosynthesis, precorrin2 => cobinamide	Previous algorithm: distinct-gene set coverage	multi-gene partial reconstruction	IS	Clade 3	IdrA-associated without complete DIRM-like synteny	12	78.9958333333333	82.715	28.6666666666667	36.5396702190021	7.87300355233548	33.3333333333333	50	16.6666666666667	0	8.33333333333333	8.33333333333333
Vitamin B12	Cobalamin biosynthesis, precorrin2 => cobinamide	Previous algorithm: distinct-gene set coverage	multi-gene partial reconstruction	IS	Clade 4	IdrA-associated with DIRM-like synteny	20	89.293	95.11	48.8	56.1564932452303	7.3564932452303	75	80	5	0	10	10
Vitamin B12	Cobalamin biosynthesis, precorrin2 => cobinamide	Previous algorithm: distinct-gene set coverage	multi-gene partial reconstruction	NS	Clade 1	Canonical AioA-associated	1	78.27	78.27	4	5.1105148843746	1.1105148843746	0	0	0	0	0	0
Vitamin B12	Cobalamin biosynthesis, precorrin2 => cobinamide	Previous algorithm: distinct-gene set coverage	multi-gene partial reconstruction	NS	Clade 2	Unknown/uncertain DMSOR	1	79.77	79.77	0	0	0	0	0	0	0	0	0
Vitamin B12	Cobalamin salvage	Previous algorithm: distinct-gene set coverage	multi-gene partial reconstruction	AS	Clade 1	Canonical AioA-associated	1	70.14	70.14	0	0	0	0	0	0	0	0	0
Vitamin B12	Cobalamin salvage	Previous algorithm: distinct-gene set coverage	multi-gene partial reconstruction	AS	Clade 2	Unknown/uncertain DMSOR	1	51.44	51.44	0	0	0	0	0	0	0	0	0
Vitamin B12	Cobalamin salvage	Previous algorithm: distinct-gene set coverage	multi-gene partial reconstruction	AS	Clade 3	IdrA-associated without complete DIRM-like synteny	1	70.14	70.14	0	0	0	0	0	0	0	0	0
Vitamin B12	Cobalamin salvage	Previous algorithm: distinct-gene set coverage	multi-gene partial reconstruction	ES	Clade 3	IdrA-associated without complete DIRM-like synteny	6	70.235	71.215	4.16666666666667	4.65081668340961	0.48415001674294	0	0	0	0	0	0
Vitamin B12	Cobalamin salvage	Previous algorithm: distinct-gene set coverage	multi-gene partial reconstruction	IS	Clade 1	Canonical AioA-associated	1	98.59	98.59	25	25.3575413327924	0.357541332792373	0	0	0	0	0	0
Vitamin B12	Cobalamin salvage	Previous algorithm: distinct-gene set coverage	multi-gene partial reconstruction	IS	Clade 2	Unknown/uncertain DMSOR	5	69.596	65.87	0	0	0	0	0	0	0	0	0
Vitamin B12	Cobalamin salvage	Previous algorithm: distinct-gene set coverage	multi-gene partial reconstruction	IS	Clade 3	IdrA-associated without complete DIRM-like synteny	12	78.9958333333333	82.715	6.25	6.83354040718381	0.583540407183811	0	0	0	0	0	0
Vitamin B12	Cobalamin salvage	Previous algorithm: distinct-gene set coverage	multi-gene partial reconstruction	IS	Clade 4	IdrA-associated with DIRM-like synteny	20	89.293	95.11	0	0	0	0	0	0	0	0	0
Vitamin B12	Cobalamin salvage	Previous algorithm: distinct-gene set coverage	multi-gene partial reconstruction	NS	Clade 1	Canonical AioA-associated	1	78.27	78.27	25	31.9407180273413	6.94071802734126	0	0	0	0	0	0
Vitamin B12	Cobalamin salvage	Previous algorithm: distinct-gene set coverage	multi-gene partial reconstruction	NS	Clade 2	Unknown/uncertain DMSOR	1	79.77	79.77	0	0	0	0	0	0	0	0	0
Vitamin B12	Vitamin B12 transport system	Previous algorithm: distinct-gene set coverage	multi-gene partial reconstruction	AS	Clade 1	Canonical AioA-associated	1	70.14	70.14	0	0	0	0	0	0	0	0	0
Vitamin B12	Vitamin B12 transport system	Previous algorithm: distinct-gene set coverage	multi-gene partial reconstruction	AS	Clade 2	Unknown/uncertain DMSOR	1	51.44	51.44	0	0	0	0	0	0	0	0	0
Vitamin B12	Vitamin B12 transport system	Previous algorithm: distinct-gene set coverage	multi-gene partial reconstruction	AS	Clade 3	IdrA-associated without complete DIRM-like synteny	1	70.14	70.14	0	0	0	0	0	0	0	0	0
Vitamin B12	Vitamin B12 transport system	Previous algorithm: distinct-gene set coverage	multi-gene partial reconstruction	ES	Clade 3	IdrA-associated without complete DIRM-like synteny	6	70.235	71.215	0	0	0	0	0	0	0	0	0
Vitamin B12	Vitamin B12 transport system	Previous algorithm: distinct-gene set coverage	multi-gene partial reconstruction	IS	Clade 1	Canonical AioA-associated	1	98.59	98.59	0	0	0	0	0	0	0	0	0
Vitamin B12	Vitamin B12 transport system	Previous algorithm: distinct-gene set coverage	multi-gene partial reconstruction	IS	Clade 2	Unknown/uncertain DMSOR	5	69.596	65.87	0	0	0	0	0	0	0	0	0
Vitamin B12	Vitamin B12 transport system	Previous algorithm: distinct-gene set coverage	multi-gene partial reconstruction	IS	Clade 3	IdrA-associated without complete DIRM-like synteny	12	78.9958333333333	82.715	0	0	0	0	0	0	0	0	0
Vitamin B12	Vitamin B12 transport system	Previous algorithm: distinct-gene set coverage	multi-gene partial reconstruction	IS	Clade 4	IdrA-associated with DIRM-like synteny	20	89.293	95.11	0	0	0	0	0	0	0	0	0
Vitamin B12	Vitamin B12 transport system	Previous algorithm: distinct-gene set coverage	multi-gene partial reconstruction	NS	Clade 1	Canonical AioA-associated	1	78.27	78.27	0	0	0	0	0	0	0	0	0
Vitamin B12	Vitamin B12 transport system	Previous algorithm: distinct-gene set coverage	multi-gene partial reconstruction	NS	Clade 2	Unknown/uncertain DMSOR	1	79.77	79.77	0	0	0	0	0	0	0	0	0
