research_category	feature_name	source_type	habitat	final_clade	final_clade_name	n_unique_MAG_all	mean_score_pct_all	prevalence_ge_50_pct_all	prevalence_ge_75_pct_all	n_unique_MAG_excluding_dual_copy	mean_score_pct_excluding_dual_copy	prevalence_ge_50_pct_excluding_dual_copy	prevalence_ge_75_pct_excluding_dual_copy	mean_score_delta_pct	prevalence_ge_50_delta_pct	prevalence_ge_75_delta_pct	exclusion_effect
Arsenic	Arsenate detoxification/resistance (arsC) marker carriage	Independent non-focal arsenic HMM-marker carriage	IS	Clade 1	Canonical AioA-associated	1	0	0	0	1	0	0	0	0	0	0	unchanged; dual-copy MAG absent from this cell
Arsenic	Arsenate detoxification/resistance (arsC) marker carriage	Independent non-focal arsenic HMM-marker carriage	IS	Clade 2	Unknown/uncertain DMSOR	5	0	0	0	5	0	0	0	0	0	0	unchanged; dual-copy MAG absent from this cell
Arsenic	Arsenate detoxification/resistance (arsC) marker carriage	Independent non-focal arsenic HMM-marker carriage	IS	Clade 3	IdrA-associated without complete DIRM-like synteny	12	58.3333333333333	58.3333333333333	58.3333333333333	12	58.3333333333333	58.3333333333333	58.3333333333333	0	0	0	unchanged; dual-copy MAG absent from this cell
Arsenic	Arsenate detoxification/resistance (arsC) marker carriage	Independent non-focal arsenic HMM-marker carriage	IS	Clade 4	IdrA-associated with DIRM-like synteny	20	85	85	85	20	85	85	85	0	0	0	unchanged; dual-copy MAG absent from this cell
Arsenic	Arsenate detoxification/resistance (arsC) marker carriage	Independent non-focal arsenic HMM-marker carriage	AS	Clade 1	Canonical AioA-associated	1	0	0	0	0	NA	NA	NA	NA	NA	NA	cell becomes empty; original n=1 was descriptive only
Arsenic	Arsenate detoxification/resistance (arsC) marker carriage	Independent non-focal arsenic HMM-marker carriage	AS	Clade 2	Unknown/uncertain DMSOR	1	0	0	0	1	0	0	0	0	0	0	unchanged; dual-copy MAG absent from this cell
Arsenic	Arsenate detoxification/resistance (arsC) marker carriage	Independent non-focal arsenic HMM-marker carriage	AS	Clade 3	IdrA-associated without complete DIRM-like synteny	1	0	0	0	0	NA	NA	NA	NA	NA	NA	cell becomes empty; original n=1 was descriptive only
Arsenic	Arsenate detoxification/resistance (arsC) marker carriage	Independent non-focal arsenic HMM-marker carriage	ES	Clade 3	IdrA-associated without complete DIRM-like synteny	6	50	50	50	6	50	50	50	0	0	0	unchanged; dual-copy MAG absent from this cell
Arsenic	Arsenate detoxification/resistance (arsC) marker carriage	Independent non-focal arsenic HMM-marker carriage	NS	Clade 1	Canonical AioA-associated	1	0	0	0	1	0	0	0	0	0	0	unchanged; dual-copy MAG absent from this cell
Arsenic	Arsenate detoxification/resistance (arsC) marker carriage	Independent non-focal arsenic HMM-marker carriage	NS	Clade 2	Unknown/uncertain DMSOR	1	0	0	0	1	0	0	0	0	0	0	unchanged; dual-copy MAG absent from this cell
Arsenic	Arsenite oxidation (arxA/aioA) marker carriage	Independent non-focal arsenic HMM-marker carriage	IS	Clade 1	Canonical AioA-associated	1	0	0	0	1	0	0	0	0	0	0	unchanged; dual-copy MAG absent from this cell
Arsenic	Arsenite oxidation (arxA/aioA) marker carriage	Independent non-focal arsenic HMM-marker carriage	IS	Clade 2	Unknown/uncertain DMSOR	5	0	0	0	5	0	0	0	0	0	0	unchanged; dual-copy MAG absent from this cell
Arsenic	Arsenite oxidation (arxA/aioA) marker carriage	Independent non-focal arsenic HMM-marker carriage	IS	Clade 3	IdrA-associated without complete DIRM-like synteny	12	0	0	0	12	0	0	0	0	0	0	unchanged; dual-copy MAG absent from this cell
Arsenic	Arsenite oxidation (arxA/aioA) marker carriage	Independent non-focal arsenic HMM-marker carriage	IS	Clade 4	IdrA-associated with DIRM-like synteny	20	0	0	0	20	0	0	0	0	0	0	unchanged; dual-copy MAG absent from this cell
Arsenic	Arsenite oxidation (arxA/aioA) marker carriage	Independent non-focal arsenic HMM-marker carriage	AS	Clade 1	Canonical AioA-associated	1	0	0	0	0	NA	NA	NA	NA	NA	NA	cell becomes empty; original n=1 was descriptive only
Arsenic	Arsenite oxidation (arxA/aioA) marker carriage	Independent non-focal arsenic HMM-marker carriage	AS	Clade 2	Unknown/uncertain DMSOR	1	0	0	0	1	0	0	0	0	0	0	unchanged; dual-copy MAG absent from this cell
Arsenic	Arsenite oxidation (arxA/aioA) marker carriage	Independent non-focal arsenic HMM-marker carriage	AS	Clade 3	IdrA-associated without complete DIRM-like synteny	1	0	0	0	0	NA	NA	NA	NA	NA	NA	cell becomes empty; original n=1 was descriptive only
Arsenic	Arsenite oxidation (arxA/aioA) marker carriage	Independent non-focal arsenic HMM-marker carriage	ES	Clade 3	IdrA-associated without complete DIRM-like synteny	6	0	0	0	6	0	0	0	0	0	0	unchanged; dual-copy MAG absent from this cell
Arsenic	Arsenite oxidation (arxA/aioA) marker carriage	Independent non-focal arsenic HMM-marker carriage	NS	Clade 1	Canonical AioA-associated	1	0	0	0	1	0	0	0	0	0	0	unchanged; dual-copy MAG absent from this cell
Arsenic	Arsenite oxidation (arxA/aioA) marker carriage	Independent non-focal arsenic HMM-marker carriage	NS	Clade 2	Unknown/uncertain DMSOR	1	0	0	0	1	0	0	0	0	0	0	unchanged; dual-copy MAG absent from this cell
Arsenic	Respiratory arsenate reduction (arrA) marker carriage	Independent non-focal arsenic HMM-marker carriage	IS	Clade 1	Canonical AioA-associated	1	0	0	0	1	0	0	0	0	0	0	unchanged; dual-copy MAG absent from this cell
Arsenic	Respiratory arsenate reduction (arrA) marker carriage	Independent non-focal arsenic HMM-marker carriage	IS	Clade 2	Unknown/uncertain DMSOR	5	0	0	0	5	0	0	0	0	0	0	unchanged; dual-copy MAG absent from this cell
Arsenic	Respiratory arsenate reduction (arrA) marker carriage	Independent non-focal arsenic HMM-marker carriage	IS	Clade 3	IdrA-associated without complete DIRM-like synteny	12	8.33333333333333	8.33333333333333	8.33333333333333	12	8.33333333333333	8.33333333333333	8.33333333333333	0	0	0	unchanged; dual-copy MAG absent from this cell
Arsenic	Respiratory arsenate reduction (arrA) marker carriage	Independent non-focal arsenic HMM-marker carriage	IS	Clade 4	IdrA-associated with DIRM-like synteny	20	10	10	10	20	10	10	10	0	0	0	unchanged; dual-copy MAG absent from this cell
Arsenic	Respiratory arsenate reduction (arrA) marker carriage	Independent non-focal arsenic HMM-marker carriage	AS	Clade 1	Canonical AioA-associated	1	0	0	0	0	NA	NA	NA	NA	NA	NA	cell becomes empty; original n=1 was descriptive only
Arsenic	Respiratory arsenate reduction (arrA) marker carriage	Independent non-focal arsenic HMM-marker carriage	AS	Clade 2	Unknown/uncertain DMSOR	1	0	0	0	1	0	0	0	0	0	0	unchanged; dual-copy MAG absent from this cell
Arsenic	Respiratory arsenate reduction (arrA) marker carriage	Independent non-focal arsenic HMM-marker carriage	AS	Clade 3	IdrA-associated without complete DIRM-like synteny	1	0	0	0	0	NA	NA	NA	NA	NA	NA	cell becomes empty; original n=1 was descriptive only
Arsenic	Respiratory arsenate reduction (arrA) marker carriage	Independent non-focal arsenic HMM-marker carriage	ES	Clade 3	IdrA-associated without complete DIRM-like synteny	6	0	0	0	6	0	0	0	0	0	0	unchanged; dual-copy MAG absent from this cell
Arsenic	Respiratory arsenate reduction (arrA) marker carriage	Independent non-focal arsenic HMM-marker carriage	NS	Clade 1	Canonical AioA-associated	1	0	0	0	1	0	0	0	0	0	0	unchanged; dual-copy MAG absent from this cell
Arsenic	Respiratory arsenate reduction (arrA) marker carriage	Independent non-focal arsenic HMM-marker carriage	NS	Clade 2	Unknown/uncertain DMSOR	1	0	0	0	1	0	0	0	0	0	0	unchanged; dual-copy MAG absent from this cell
Carbon	Acetyl-CoA pathway, CO2 => acetyl-CoA	Previous algorithm: distinct-gene set coverage	IS	Clade 1	Canonical AioA-associated	1	0	0	0	1	0	0	0	0	0	0	unchanged; dual-copy MAG absent from this cell
Carbon	Acetyl-CoA pathway, CO2 => acetyl-CoA	Previous algorithm: distinct-gene set coverage	IS	Clade 2	Unknown/uncertain DMSOR	5	0	0	0	5	0	0	0	0	0	0	unchanged; dual-copy MAG absent from this cell
Carbon	Acetyl-CoA pathway, CO2 => acetyl-CoA	Previous algorithm: distinct-gene set coverage	IS	Clade 3	IdrA-associated without complete DIRM-like synteny	12	0	0	0	12	0	0	0	0	0	0	unchanged; dual-copy MAG absent from this cell
Carbon	Acetyl-CoA pathway, CO2 => acetyl-CoA	Previous algorithm: distinct-gene set coverage	IS	Clade 4	IdrA-associated with DIRM-like synteny	20	0	0	0	20	0	0	0	0	0	0	unchanged; dual-copy MAG absent from this cell
Carbon	Acetyl-CoA pathway, CO2 => acetyl-CoA	Previous algorithm: distinct-gene set coverage	AS	Clade 1	Canonical AioA-associated	1	0	0	0	0	NA	NA	NA	NA	NA	NA	cell becomes empty; original n=1 was descriptive only
Carbon	Acetyl-CoA pathway, CO2 => acetyl-CoA	Previous algorithm: distinct-gene set coverage	AS	Clade 2	Unknown/uncertain DMSOR	1	0	0	0	1	0	0	0	0	0	0	unchanged; dual-copy MAG absent from this cell
Carbon	Acetyl-CoA pathway, CO2 => acetyl-CoA	Previous algorithm: distinct-gene set coverage	AS	Clade 3	IdrA-associated without complete DIRM-like synteny	1	0	0	0	0	NA	NA	NA	NA	NA	NA	cell becomes empty; original n=1 was descriptive only
Carbon	Acetyl-CoA pathway, CO2 => acetyl-CoA	Previous algorithm: distinct-gene set coverage	ES	Clade 3	IdrA-associated without complete DIRM-like synteny	6	0	0	0	6	0	0	0	0	0	0	unchanged; dual-copy MAG absent from this cell
Carbon	Acetyl-CoA pathway, CO2 => acetyl-CoA	Previous algorithm: distinct-gene set coverage	NS	Clade 1	Canonical AioA-associated	1	0	0	0	1	0	0	0	0	0	0	unchanged; dual-copy MAG absent from this cell
Carbon	Acetyl-CoA pathway, CO2 => acetyl-CoA	Previous algorithm: distinct-gene set coverage	NS	Clade 2	Unknown/uncertain DMSOR	1	0	0	0	1	0	0	0	0	0	0	unchanged; dual-copy MAG absent from this cell
Carbon	Citrate cycle (TCA cycle, Krebs cycle)	Previous algorithm: distinct-gene set coverage	IS	Clade 1	Canonical AioA-associated	1	45	0	0	1	45	0	0	0	0	0	unchanged; dual-copy MAG absent from this cell
Carbon	Citrate cycle (TCA cycle, Krebs cycle)	Previous algorithm: distinct-gene set coverage	IS	Clade 2	Unknown/uncertain DMSOR	5	22	0	0	5	22	0	0	0	0	0	unchanged; dual-copy MAG absent from this cell
Carbon	Citrate cycle (TCA cycle, Krebs cycle)	Previous algorithm: distinct-gene set coverage	IS	Clade 3	IdrA-associated without complete DIRM-like synteny	12	33.3333333333333	0	0	12	33.3333333333333	0	0	0	0	0	unchanged; dual-copy MAG absent from this cell
Carbon	Citrate cycle (TCA cycle, Krebs cycle)	Previous algorithm: distinct-gene set coverage	IS	Clade 4	IdrA-associated with DIRM-like synteny	20	36.75	5	0	20	36.75	5	0	0	0	0	unchanged; dual-copy MAG absent from this cell
Carbon	Citrate cycle (TCA cycle, Krebs cycle)	Previous algorithm: distinct-gene set coverage	AS	Clade 1	Canonical AioA-associated	1	15	0	0	0	NA	NA	NA	NA	NA	NA	cell becomes empty; original n=1 was descriptive only
Carbon	Citrate cycle (TCA cycle, Krebs cycle)	Previous algorithm: distinct-gene set coverage	AS	Clade 2	Unknown/uncertain DMSOR	1	22.5	0	0	1	22.5	0	0	0	0	0	unchanged; dual-copy MAG absent from this cell
Carbon	Citrate cycle (TCA cycle, Krebs cycle)	Previous algorithm: distinct-gene set coverage	AS	Clade 3	IdrA-associated without complete DIRM-like synteny	1	15	0	0	0	NA	NA	NA	NA	NA	NA	cell becomes empty; original n=1 was descriptive only
Carbon	Citrate cycle (TCA cycle, Krebs cycle)	Previous algorithm: distinct-gene set coverage	ES	Clade 3	IdrA-associated without complete DIRM-like synteny	6	27.0833333333333	0	0	6	27.0833333333333	0	0	0	0	0	unchanged; dual-copy MAG absent from this cell
Carbon	Citrate cycle (TCA cycle, Krebs cycle)	Previous algorithm: distinct-gene set coverage	NS	Clade 1	Canonical AioA-associated	1	42.5	0	0	1	42.5	0	0	0	0	0	unchanged; dual-copy MAG absent from this cell
Carbon	Citrate cycle (TCA cycle, Krebs cycle)	Previous algorithm: distinct-gene set coverage	NS	Clade 2	Unknown/uncertain DMSOR	1	10	0	0	1	10	0	0	0	0	0	unchanged; dual-copy MAG absent from this cell
Carbon	Citrate cycle, first carbon oxidation, oxaloacetate => 2-oxoglutarate	Previous algorithm: distinct-gene set coverage	IS	Clade 1	Canonical AioA-associated	1	50	100	0	1	50	100	0	0	0	0	unchanged; dual-copy MAG absent from this cell
Carbon	Citrate cycle, first carbon oxidation, oxaloacetate => 2-oxoglutarate	Previous algorithm: distinct-gene set coverage	IS	Clade 2	Unknown/uncertain DMSOR	5	23.3333333333333	0	0	5	23.3333333333333	0	0	0	0	0	unchanged; dual-copy MAG absent from this cell
Carbon	Citrate cycle, first carbon oxidation, oxaloacetate => 2-oxoglutarate	Previous algorithm: distinct-gene set coverage	IS	Clade 3	IdrA-associated without complete DIRM-like synteny	12	29.1666666666667	25	0	12	29.1666666666667	25	0	0	0	0	unchanged; dual-copy MAG absent from this cell
Carbon	Citrate cycle, first carbon oxidation, oxaloacetate => 2-oxoglutarate	Previous algorithm: distinct-gene set coverage	IS	Clade 4	IdrA-associated with DIRM-like synteny	20	30.8333333333333	5	0	20	30.8333333333333	5	0	0	0	0	unchanged; dual-copy MAG absent from this cell
Carbon	Citrate cycle, first carbon oxidation, oxaloacetate => 2-oxoglutarate	Previous algorithm: distinct-gene set coverage	AS	Clade 1	Canonical AioA-associated	1	0	0	0	0	NA	NA	NA	NA	NA	NA	cell becomes empty; original n=1 was descriptive only
Carbon	Citrate cycle, first carbon oxidation, oxaloacetate => 2-oxoglutarate	Previous algorithm: distinct-gene set coverage	AS	Clade 2	Unknown/uncertain DMSOR	1	16.6666666666667	0	0	1	16.6666666666667	0	0	0	0	0	unchanged; dual-copy MAG absent from this cell
Carbon	Citrate cycle, first carbon oxidation, oxaloacetate => 2-oxoglutarate	Previous algorithm: distinct-gene set coverage	AS	Clade 3	IdrA-associated without complete DIRM-like synteny	1	0	0	0	0	NA	NA	NA	NA	NA	NA	cell becomes empty; original n=1 was descriptive only
Carbon	Citrate cycle, first carbon oxidation, oxaloacetate => 2-oxoglutarate	Previous algorithm: distinct-gene set coverage	ES	Clade 3	IdrA-associated without complete DIRM-like synteny	6	13.8888888888889	0	0	6	13.8888888888889	0	0	0	0	0	unchanged; dual-copy MAG absent from this cell
Carbon	Citrate cycle, first carbon oxidation, oxaloacetate => 2-oxoglutarate	Previous algorithm: distinct-gene set coverage	NS	Clade 1	Canonical AioA-associated	1	50	100	0	1	50	100	0	0	0	0	unchanged; dual-copy MAG absent from this cell
Carbon	Citrate cycle, first carbon oxidation, oxaloacetate => 2-oxoglutarate	Previous algorithm: distinct-gene set coverage	NS	Clade 2	Unknown/uncertain DMSOR	1	33.3333333333333	0	0	1	33.3333333333333	0	0	0	0	0	unchanged; dual-copy MAG absent from this cell
Carbon	Citrate cycle, second carbon oxidation, 2-oxoglutarate => oxaloacetate	Previous algorithm: distinct-gene set coverage	IS	Clade 1	Canonical AioA-associated	1	44.1176470588235	0	0	1	44.1176470588235	0	0	0	0	0	unchanged; dual-copy MAG absent from this cell
Carbon	Citrate cycle, second carbon oxidation, 2-oxoglutarate => oxaloacetate	Previous algorithm: distinct-gene set coverage	IS	Clade 2	Unknown/uncertain DMSOR	5	21.7647058823529	0	0	5	21.7647058823529	0	0	0	0	0	unchanged; dual-copy MAG absent from this cell
Carbon	Citrate cycle, second carbon oxidation, 2-oxoglutarate => oxaloacetate	Previous algorithm: distinct-gene set coverage	IS	Clade 3	IdrA-associated without complete DIRM-like synteny	12	34.0686274509804	8.33333333333333	0	12	34.0686274509804	8.33333333333333	0	0	0	0	unchanged; dual-copy MAG absent from this cell
Carbon	Citrate cycle, second carbon oxidation, 2-oxoglutarate => oxaloacetate	Previous algorithm: distinct-gene set coverage	IS	Clade 4	IdrA-associated with DIRM-like synteny	20	37.7941176470588	5	0	20	37.7941176470588	5	0	0	0	0	unchanged; dual-copy MAG absent from this cell
Carbon	Citrate cycle, second carbon oxidation, 2-oxoglutarate => oxaloacetate	Previous algorithm: distinct-gene set coverage	AS	Clade 1	Canonical AioA-associated	1	17.6470588235294	0	0	0	NA	NA	NA	NA	NA	NA	cell becomes empty; original n=1 was descriptive only
Carbon	Citrate cycle, second carbon oxidation, 2-oxoglutarate => oxaloacetate	Previous algorithm: distinct-gene set coverage	AS	Clade 2	Unknown/uncertain DMSOR	1	23.5294117647059	0	0	1	23.5294117647059	0	0	0	0	0	unchanged; dual-copy MAG absent from this cell
Carbon	Citrate cycle, second carbon oxidation, 2-oxoglutarate => oxaloacetate	Previous algorithm: distinct-gene set coverage	AS	Clade 3	IdrA-associated without complete DIRM-like synteny	1	17.6470588235294	0	0	0	NA	NA	NA	NA	NA	NA	cell becomes empty; original n=1 was descriptive only
Carbon	Citrate cycle, second carbon oxidation, 2-oxoglutarate => oxaloacetate	Previous algorithm: distinct-gene set coverage	ES	Clade 3	IdrA-associated without complete DIRM-like synteny	6	29.4117647058824	0	0	6	29.4117647058824	0	0	0	0	0	unchanged; dual-copy MAG absent from this cell
Carbon	Citrate cycle, second carbon oxidation, 2-oxoglutarate => oxaloacetate	Previous algorithm: distinct-gene set coverage	NS	Clade 1	Canonical AioA-associated	1	41.1764705882353	0	0	1	41.1764705882353	0	0	0	0	0	unchanged; dual-copy MAG absent from this cell
Carbon	Citrate cycle, second carbon oxidation, 2-oxoglutarate => oxaloacetate	Previous algorithm: distinct-gene set coverage	NS	Clade 2	Unknown/uncertain DMSOR	1	5.88235294117647	0	0	1	5.88235294117647	0	0	0	0	0	unchanged; dual-copy MAG absent from this cell
Carbon	Glycolysis (Embden-Meyerhof pathway), glucose => pyruvate	Previous algorithm: distinct-gene set coverage	IS	Clade 1	Canonical AioA-associated	1	34.4827586206897	0	0	1	34.4827586206897	0	0	0	0	0	unchanged; dual-copy MAG absent from this cell
Carbon	Glycolysis (Embden-Meyerhof pathway), glucose => pyruvate	Previous algorithm: distinct-gene set coverage	IS	Clade 2	Unknown/uncertain DMSOR	5	26.2068965517241	0	0	5	26.2068965517241	0	0	0	0	0	unchanged; dual-copy MAG absent from this cell
Carbon	Glycolysis (Embden-Meyerhof pathway), glucose => pyruvate	Previous algorithm: distinct-gene set coverage	IS	Clade 3	IdrA-associated without complete DIRM-like synteny	12	27.5862068965517	0	0	12	27.5862068965517	0	0	0	0	0	unchanged; dual-copy MAG absent from this cell
Carbon	Glycolysis (Embden-Meyerhof pathway), glucose => pyruvate	Previous algorithm: distinct-gene set coverage	IS	Clade 4	IdrA-associated with DIRM-like synteny	20	28.9655172413793	0	0	20	28.9655172413793	0	0	0	0	0	unchanged; dual-copy MAG absent from this cell
Carbon	Glycolysis (Embden-Meyerhof pathway), glucose => pyruvate	Previous algorithm: distinct-gene set coverage	AS	Clade 1	Canonical AioA-associated	1	31.0344827586207	0	0	0	NA	NA	NA	NA	NA	NA	cell becomes empty; original n=1 was descriptive only
Carbon	Glycolysis (Embden-Meyerhof pathway), glucose => pyruvate	Previous algorithm: distinct-gene set coverage	AS	Clade 2	Unknown/uncertain DMSOR	1	17.2413793103448	0	0	1	17.2413793103448	0	0	0	0	0	unchanged; dual-copy MAG absent from this cell
Carbon	Glycolysis (Embden-Meyerhof pathway), glucose => pyruvate	Previous algorithm: distinct-gene set coverage	AS	Clade 3	IdrA-associated without complete DIRM-like synteny	1	31.0344827586207	0	0	0	NA	NA	NA	NA	NA	NA	cell becomes empty; original n=1 was descriptive only
Carbon	Glycolysis (Embden-Meyerhof pathway), glucose => pyruvate	Previous algorithm: distinct-gene set coverage	ES	Clade 3	IdrA-associated without complete DIRM-like synteny	6	26.4367816091954	0	0	6	26.4367816091954	0	0	0	0	0	unchanged; dual-copy MAG absent from this cell
Carbon	Glycolysis (Embden-Meyerhof pathway), glucose => pyruvate	Previous algorithm: distinct-gene set coverage	NS	Clade 1	Canonical AioA-associated	1	24.1379310344828	0	0	1	24.1379310344828	0	0	0	0	0	unchanged; dual-copy MAG absent from this cell
Carbon	Glycolysis (Embden-Meyerhof pathway), glucose => pyruvate	Previous algorithm: distinct-gene set coverage	NS	Clade 2	Unknown/uncertain DMSOR	1	17.2413793103448	0	0	1	17.2413793103448	0	0	0	0	0	unchanged; dual-copy MAG absent from this cell
Carbon	Glycolysis, core module involving three-carbon compounds	Previous algorithm: distinct-gene set coverage	IS	Clade 1	Canonical AioA-associated	1	50	100	0	1	50	100	0	0	0	0	unchanged; dual-copy MAG absent from this cell
Carbon	Glycolysis, core module involving three-carbon compounds	Previous algorithm: distinct-gene set coverage	IS	Clade 2	Unknown/uncertain DMSOR	5	45	60	0	5	45	60	0	0	0	0	unchanged; dual-copy MAG absent from this cell
Carbon	Glycolysis, core module involving three-carbon compounds	Previous algorithm: distinct-gene set coverage	IS	Clade 3	IdrA-associated without complete DIRM-like synteny	12	44.4444444444444	41.6666666666667	0	12	44.4444444444444	41.6666666666667	0	0	0	0	unchanged; dual-copy MAG absent from this cell
Carbon	Glycolysis, core module involving three-carbon compounds	Previous algorithm: distinct-gene set coverage	IS	Clade 4	IdrA-associated with DIRM-like synteny	20	47.5	75	0	20	47.5	75	0	0	0	0	unchanged; dual-copy MAG absent from this cell
Carbon	Glycolysis, core module involving three-carbon compounds	Previous algorithm: distinct-gene set coverage	AS	Clade 1	Canonical AioA-associated	1	41.6666666666667	0	0	0	NA	NA	NA	NA	NA	NA	cell becomes empty; original n=1 was descriptive only
Carbon	Glycolysis, core module involving three-carbon compounds	Previous algorithm: distinct-gene set coverage	AS	Clade 2	Unknown/uncertain DMSOR	1	33.3333333333333	0	0	1	33.3333333333333	0	0	0	0	0	unchanged; dual-copy MAG absent from this cell
Carbon	Glycolysis, core module involving three-carbon compounds	Previous algorithm: distinct-gene set coverage	AS	Clade 3	IdrA-associated without complete DIRM-like synteny	1	41.6666666666667	0	0	0	NA	NA	NA	NA	NA	NA	cell becomes empty; original n=1 was descriptive only
Carbon	Glycolysis, core module involving three-carbon compounds	Previous algorithm: distinct-gene set coverage	ES	Clade 3	IdrA-associated without complete DIRM-like synteny	6	44.4444444444444	50	0	6	44.4444444444444	50	0	0	0	0	unchanged; dual-copy MAG absent from this cell
Carbon	Glycolysis, core module involving three-carbon compounds	Previous algorithm: distinct-gene set coverage	NS	Clade 1	Canonical AioA-associated	1	50	100	0	1	50	100	0	0	0	0	unchanged; dual-copy MAG absent from this cell
Carbon	Glycolysis, core module involving three-carbon compounds	Previous algorithm: distinct-gene set coverage	NS	Clade 2	Unknown/uncertain DMSOR	1	16.6666666666667	0	0	1	16.6666666666667	0	0	0	0	0	unchanged; dual-copy MAG absent from this cell
Carbon	Incomplete reductive citrate cycle, acetyl-CoA => oxoglutarate	Previous algorithm: distinct-gene set coverage	IS	Clade 1	Canonical AioA-associated	1	17.6470588235294	0	0	1	17.6470588235294	0	0	0	0	0	unchanged; dual-copy MAG absent from this cell
Carbon	Incomplete reductive citrate cycle, acetyl-CoA => oxoglutarate	Previous algorithm: distinct-gene set coverage	IS	Clade 2	Unknown/uncertain DMSOR	5	20	0	0	5	20	0	0	0	0	0	unchanged; dual-copy MAG absent from this cell
Carbon	Incomplete reductive citrate cycle, acetyl-CoA => oxoglutarate	Previous algorithm: distinct-gene set coverage	IS	Clade 3	IdrA-associated without complete DIRM-like synteny	12	26.9607843137255	16.6666666666667	0	12	26.9607843137255	16.6666666666667	0	0	0	0	unchanged; dual-copy MAG absent from this cell
Carbon	Incomplete reductive citrate cycle, acetyl-CoA => oxoglutarate	Previous algorithm: distinct-gene set coverage	IS	Clade 4	IdrA-associated with DIRM-like synteny	20	33.8235294117647	15	0	20	33.8235294117647	15	0	0	0	0	unchanged; dual-copy MAG absent from this cell
Carbon	Incomplete reductive citrate cycle, acetyl-CoA => oxoglutarate	Previous algorithm: distinct-gene set coverage	AS	Clade 1	Canonical AioA-associated	1	0	0	0	0	NA	NA	NA	NA	NA	NA	cell becomes empty; original n=1 was descriptive only
Carbon	Incomplete reductive citrate cycle, acetyl-CoA => oxoglutarate	Previous algorithm: distinct-gene set coverage	AS	Clade 2	Unknown/uncertain DMSOR	1	23.5294117647059	0	0	1	23.5294117647059	0	0	0	0	0	unchanged; dual-copy MAG absent from this cell
Carbon	Incomplete reductive citrate cycle, acetyl-CoA => oxoglutarate	Previous algorithm: distinct-gene set coverage	AS	Clade 3	IdrA-associated without complete DIRM-like synteny	1	0	0	0	0	NA	NA	NA	NA	NA	NA	cell becomes empty; original n=1 was descriptive only
Carbon	Incomplete reductive citrate cycle, acetyl-CoA => oxoglutarate	Previous algorithm: distinct-gene set coverage	ES	Clade 3	IdrA-associated without complete DIRM-like synteny	6	32.3529411764706	0	0	6	32.3529411764706	0	0	0	0	0	unchanged; dual-copy MAG absent from this cell
Carbon	Incomplete reductive citrate cycle, acetyl-CoA => oxoglutarate	Previous algorithm: distinct-gene set coverage	NS	Clade 1	Canonical AioA-associated	1	23.5294117647059	0	0	1	23.5294117647059	0	0	0	0	0	unchanged; dual-copy MAG absent from this cell
Carbon	Incomplete reductive citrate cycle, acetyl-CoA => oxoglutarate	Previous algorithm: distinct-gene set coverage	NS	Clade 2	Unknown/uncertain DMSOR	1	11.7647058823529	0	0	1	11.7647058823529	0	0	0	0	0	unchanged; dual-copy MAG absent from this cell
Carbon	Methane oxidation, methanotroph, methane => formaldehyde	Previous algorithm: distinct-gene set coverage	IS	Clade 1	Canonical AioA-associated	1	0	0	0	1	0	0	0	0	0	0	unchanged; dual-copy MAG absent from this cell
Carbon	Methane oxidation, methanotroph, methane => formaldehyde	Previous algorithm: distinct-gene set coverage	IS	Clade 2	Unknown/uncertain DMSOR	5	0	0	0	5	0	0	0	0	0	0	unchanged; dual-copy MAG absent from this cell
Carbon	Methane oxidation, methanotroph, methane => formaldehyde	Previous algorithm: distinct-gene set coverage	IS	Clade 3	IdrA-associated without complete DIRM-like synteny	12	2.77777777777778	0	0	12	2.77777777777778	0	0	0	0	0	unchanged; dual-copy MAG absent from this cell
Carbon	Methane oxidation, methanotroph, methane => formaldehyde	Previous algorithm: distinct-gene set coverage	IS	Clade 4	IdrA-associated with DIRM-like synteny	20	0.833333333333333	0	0	20	0.833333333333333	0	0	0	0	0	unchanged; dual-copy MAG absent from this cell
Carbon	Methane oxidation, methanotroph, methane => formaldehyde	Previous algorithm: distinct-gene set coverage	AS	Clade 1	Canonical AioA-associated	1	0	0	0	0	NA	NA	NA	NA	NA	NA	cell becomes empty; original n=1 was descriptive only
Carbon	Methane oxidation, methanotroph, methane => formaldehyde	Previous algorithm: distinct-gene set coverage	AS	Clade 2	Unknown/uncertain DMSOR	1	0	0	0	1	0	0	0	0	0	0	unchanged; dual-copy MAG absent from this cell
Carbon	Methane oxidation, methanotroph, methane => formaldehyde	Previous algorithm: distinct-gene set coverage	AS	Clade 3	IdrA-associated without complete DIRM-like synteny	1	0	0	0	0	NA	NA	NA	NA	NA	NA	cell becomes empty; original n=1 was descriptive only
Carbon	Methane oxidation, methanotroph, methane => formaldehyde	Previous algorithm: distinct-gene set coverage	ES	Clade 3	IdrA-associated without complete DIRM-like synteny	6	0	0	0	6	0	0	0	0	0	0	unchanged; dual-copy MAG absent from this cell
Carbon	Methane oxidation, methanotroph, methane => formaldehyde	Previous algorithm: distinct-gene set coverage	NS	Clade 1	Canonical AioA-associated	1	0	0	0	1	0	0	0	0	0	0	unchanged; dual-copy MAG absent from this cell
Carbon	Methane oxidation, methanotroph, methane => formaldehyde	Previous algorithm: distinct-gene set coverage	NS	Clade 2	Unknown/uncertain DMSOR	1	0	0	0	1	0	0	0	0	0	0	unchanged; dual-copy MAG absent from this cell
Carbon	Methanogenesis, CO2 => methane	Previous algorithm: distinct-gene set coverage	IS	Clade 1	Canonical AioA-associated	1	0	0	0	1	0	0	0	0	0	0	unchanged; dual-copy MAG absent from this cell
Carbon	Methanogenesis, CO2 => methane	Previous algorithm: distinct-gene set coverage	IS	Clade 2	Unknown/uncertain DMSOR	5	5.4054054054054	0	0	5	5.4054054054054	0	0	0	0	0	unchanged; dual-copy MAG absent from this cell
Carbon	Methanogenesis, CO2 => methane	Previous algorithm: distinct-gene set coverage	IS	Clade 3	IdrA-associated without complete DIRM-like synteny	12	0	0	0	12	0	0	0	0	0	0	unchanged; dual-copy MAG absent from this cell
Carbon	Methanogenesis, CO2 => methane	Previous algorithm: distinct-gene set coverage	IS	Clade 4	IdrA-associated with DIRM-like synteny	20	0.675675675675676	0	0	20	0.675675675675676	0	0	0	0	0	unchanged; dual-copy MAG absent from this cell
Carbon	Methanogenesis, CO2 => methane	Previous algorithm: distinct-gene set coverage	AS	Clade 1	Canonical AioA-associated	1	0	0	0	0	NA	NA	NA	NA	NA	NA	cell becomes empty; original n=1 was descriptive only
Carbon	Methanogenesis, CO2 => methane	Previous algorithm: distinct-gene set coverage	AS	Clade 2	Unknown/uncertain DMSOR	1	2.7027027027027	0	0	1	2.7027027027027	0	0	0	0	0	unchanged; dual-copy MAG absent from this cell
Carbon	Methanogenesis, CO2 => methane	Previous algorithm: distinct-gene set coverage	AS	Clade 3	IdrA-associated without complete DIRM-like synteny	1	0	0	0	0	NA	NA	NA	NA	NA	NA	cell becomes empty; original n=1 was descriptive only
Carbon	Methanogenesis, CO2 => methane	Previous algorithm: distinct-gene set coverage	ES	Clade 3	IdrA-associated without complete DIRM-like synteny	6	5.4054054054054	0	0	6	5.4054054054054	0	0	0	0	0	unchanged; dual-copy MAG absent from this cell
Carbon	Methanogenesis, CO2 => methane	Previous algorithm: distinct-gene set coverage	NS	Clade 1	Canonical AioA-associated	1	0	0	0	1	0	0	0	0	0	0	unchanged; dual-copy MAG absent from this cell
Carbon	Methanogenesis, CO2 => methane	Previous algorithm: distinct-gene set coverage	NS	Clade 2	Unknown/uncertain DMSOR	1	2.7027027027027	0	0	1	2.7027027027027	0	0	0	0	0	unchanged; dual-copy MAG absent from this cell
Carbon	Methanogenesis, acetate => methane	Previous algorithm: distinct-gene set coverage	IS	Clade 1	Canonical AioA-associated	1	3.2258064516129	0	0	1	3.2258064516129	0	0	0	0	0	unchanged; dual-copy MAG absent from this cell
Carbon	Methanogenesis, acetate => methane	Previous algorithm: distinct-gene set coverage	IS	Clade 2	Unknown/uncertain DMSOR	5	5.16129032258065	0	0	5	5.16129032258065	0	0	0	0	0	unchanged; dual-copy MAG absent from this cell
Carbon	Methanogenesis, acetate => methane	Previous algorithm: distinct-gene set coverage	IS	Clade 3	IdrA-associated without complete DIRM-like synteny	12	5.3763440860215	0	0	12	5.3763440860215	0	0	0	0	0	unchanged; dual-copy MAG absent from this cell
Carbon	Methanogenesis, acetate => methane	Previous algorithm: distinct-gene set coverage	IS	Clade 4	IdrA-associated with DIRM-like synteny	20	5	0	0	20	5	0	0	0	0	0	unchanged; dual-copy MAG absent from this cell
Carbon	Methanogenesis, acetate => methane	Previous algorithm: distinct-gene set coverage	AS	Clade 1	Canonical AioA-associated	1	3.2258064516129	0	0	0	NA	NA	NA	NA	NA	NA	cell becomes empty; original n=1 was descriptive only
Carbon	Methanogenesis, acetate => methane	Previous algorithm: distinct-gene set coverage	AS	Clade 2	Unknown/uncertain DMSOR	1	0	0	0	1	0	0	0	0	0	0	unchanged; dual-copy MAG absent from this cell
Carbon	Methanogenesis, acetate => methane	Previous algorithm: distinct-gene set coverage	AS	Clade 3	IdrA-associated without complete DIRM-like synteny	1	3.2258064516129	0	0	0	NA	NA	NA	NA	NA	NA	cell becomes empty; original n=1 was descriptive only
Carbon	Methanogenesis, acetate => methane	Previous algorithm: distinct-gene set coverage	ES	Clade 3	IdrA-associated without complete DIRM-like synteny	6	9.67741935483871	0	0	6	9.67741935483871	0	0	0	0	0	unchanged; dual-copy MAG absent from this cell
Carbon	Methanogenesis, acetate => methane	Previous algorithm: distinct-gene set coverage	NS	Clade 1	Canonical AioA-associated	1	6.45161290322581	0	0	1	6.45161290322581	0	0	0	0	0	unchanged; dual-copy MAG absent from this cell
Carbon	Methanogenesis, acetate => methane	Previous algorithm: distinct-gene set coverage	NS	Clade 2	Unknown/uncertain DMSOR	1	9.67741935483871	0	0	1	9.67741935483871	0	0	0	0	0	unchanged; dual-copy MAG absent from this cell
Carbon	Methanogenesis, methanethiol => methane	Previous algorithm: distinct-gene set coverage	IS	Clade 1	Canonical AioA-associated	1	0	0	0	1	0	0	0	0	0	0	unchanged; dual-copy MAG absent from this cell
Carbon	Methanogenesis, methanethiol => methane	Previous algorithm: distinct-gene set coverage	IS	Clade 2	Unknown/uncertain DMSOR	5	0	0	0	5	0	0	0	0	0	0	unchanged; dual-copy MAG absent from this cell
Carbon	Methanogenesis, methanethiol => methane	Previous algorithm: distinct-gene set coverage	IS	Clade 3	IdrA-associated without complete DIRM-like synteny	12	0	0	0	12	0	0	0	0	0	0	unchanged; dual-copy MAG absent from this cell
Carbon	Methanogenesis, methanethiol => methane	Previous algorithm: distinct-gene set coverage	IS	Clade 4	IdrA-associated with DIRM-like synteny	20	0	0	0	20	0	0	0	0	0	0	unchanged; dual-copy MAG absent from this cell
Carbon	Methanogenesis, methanethiol => methane	Previous algorithm: distinct-gene set coverage	AS	Clade 1	Canonical AioA-associated	1	0	0	0	0	NA	NA	NA	NA	NA	NA	cell becomes empty; original n=1 was descriptive only
Carbon	Methanogenesis, methanethiol => methane	Previous algorithm: distinct-gene set coverage	AS	Clade 2	Unknown/uncertain DMSOR	1	0	0	0	1	0	0	0	0	0	0	unchanged; dual-copy MAG absent from this cell
Carbon	Methanogenesis, methanethiol => methane	Previous algorithm: distinct-gene set coverage	AS	Clade 3	IdrA-associated without complete DIRM-like synteny	1	0	0	0	0	NA	NA	NA	NA	NA	NA	cell becomes empty; original n=1 was descriptive only
Carbon	Methanogenesis, methanethiol => methane	Previous algorithm: distinct-gene set coverage	ES	Clade 3	IdrA-associated without complete DIRM-like synteny	6	0	0	0	6	0	0	0	0	0	0	unchanged; dual-copy MAG absent from this cell
Carbon	Methanogenesis, methanethiol => methane	Previous algorithm: distinct-gene set coverage	NS	Clade 1	Canonical AioA-associated	1	0	0	0	1	0	0	0	0	0	0	unchanged; dual-copy MAG absent from this cell
Carbon	Methanogenesis, methanethiol => methane	Previous algorithm: distinct-gene set coverage	NS	Clade 2	Unknown/uncertain DMSOR	1	0	0	0	1	0	0	0	0	0	0	unchanged; dual-copy MAG absent from this cell
Carbon	Methanogenesis, methanol => methane	Previous algorithm: distinct-gene set coverage	IS	Clade 1	Canonical AioA-associated	1	0	0	0	1	0	0	0	0	0	0	unchanged; dual-copy MAG absent from this cell
Carbon	Methanogenesis, methanol => methane	Previous algorithm: distinct-gene set coverage	IS	Clade 2	Unknown/uncertain DMSOR	5	5.26315789473684	0	0	5	5.26315789473684	0	0	0	0	0	unchanged; dual-copy MAG absent from this cell
Carbon	Methanogenesis, methanol => methane	Previous algorithm: distinct-gene set coverage	IS	Clade 3	IdrA-associated without complete DIRM-like synteny	12	0	0	0	12	0	0	0	0	0	0	unchanged; dual-copy MAG absent from this cell
Carbon	Methanogenesis, methanol => methane	Previous algorithm: distinct-gene set coverage	IS	Clade 4	IdrA-associated with DIRM-like synteny	20	1.31578947368421	0	0	20	1.31578947368421	0	0	0	0	0	unchanged; dual-copy MAG absent from this cell
Carbon	Methanogenesis, methanol => methane	Previous algorithm: distinct-gene set coverage	AS	Clade 1	Canonical AioA-associated	1	0	0	0	0	NA	NA	NA	NA	NA	NA	cell becomes empty; original n=1 was descriptive only
Carbon	Methanogenesis, methanol => methane	Previous algorithm: distinct-gene set coverage	AS	Clade 2	Unknown/uncertain DMSOR	1	0	0	0	1	0	0	0	0	0	0	unchanged; dual-copy MAG absent from this cell
Carbon	Methanogenesis, methanol => methane	Previous algorithm: distinct-gene set coverage	AS	Clade 3	IdrA-associated without complete DIRM-like synteny	1	0	0	0	0	NA	NA	NA	NA	NA	NA	cell becomes empty; original n=1 was descriptive only
Carbon	Methanogenesis, methanol => methane	Previous algorithm: distinct-gene set coverage	ES	Clade 3	IdrA-associated without complete DIRM-like synteny	6	8.7719298245614	0	0	6	8.7719298245614	0	0	0	0	0	unchanged; dual-copy MAG absent from this cell
Carbon	Methanogenesis, methanol => methane	Previous algorithm: distinct-gene set coverage	NS	Clade 1	Canonical AioA-associated	1	0	0	0	1	0	0	0	0	0	0	unchanged; dual-copy MAG absent from this cell
Carbon	Methanogenesis, methanol => methane	Previous algorithm: distinct-gene set coverage	NS	Clade 2	Unknown/uncertain DMSOR	1	5.26315789473684	0	0	1	5.26315789473684	0	0	0	0	0	unchanged; dual-copy MAG absent from this cell
Carbon	Methanogenesis, methylamine/dimethylamine/trimethylamine => methane	Previous algorithm: distinct-gene set coverage	IS	Clade 1	Canonical AioA-associated	1	0	0	0	1	0	0	0	0	0	0	unchanged; dual-copy MAG absent from this cell
Carbon	Methanogenesis, methylamine/dimethylamine/trimethylamine => methane	Previous algorithm: distinct-gene set coverage	IS	Clade 2	Unknown/uncertain DMSOR	5	4.34782608695652	0	0	5	4.34782608695652	0	0	0	0	0	unchanged; dual-copy MAG absent from this cell
Carbon	Methanogenesis, methylamine/dimethylamine/trimethylamine => methane	Previous algorithm: distinct-gene set coverage	IS	Clade 3	IdrA-associated without complete DIRM-like synteny	12	3.6231884057971	0	0	12	3.6231884057971	0	0	0	0	0	unchanged; dual-copy MAG absent from this cell
Carbon	Methanogenesis, methylamine/dimethylamine/trimethylamine => methane	Previous algorithm: distinct-gene set coverage	IS	Clade 4	IdrA-associated with DIRM-like synteny	20	5.21739130434783	0	0	20	5.21739130434783	0	0	0	0	0	unchanged; dual-copy MAG absent from this cell
Carbon	Methanogenesis, methylamine/dimethylamine/trimethylamine => methane	Previous algorithm: distinct-gene set coverage	AS	Clade 1	Canonical AioA-associated	1	0	0	0	0	NA	NA	NA	NA	NA	NA	cell becomes empty; original n=1 was descriptive only
Carbon	Methanogenesis, methylamine/dimethylamine/trimethylamine => methane	Previous algorithm: distinct-gene set coverage	AS	Clade 2	Unknown/uncertain DMSOR	1	0	0	0	1	0	0	0	0	0	0	unchanged; dual-copy MAG absent from this cell
Carbon	Methanogenesis, methylamine/dimethylamine/trimethylamine => methane	Previous algorithm: distinct-gene set coverage	AS	Clade 3	IdrA-associated without complete DIRM-like synteny	1	0	0	0	0	NA	NA	NA	NA	NA	NA	cell becomes empty; original n=1 was descriptive only
Carbon	Methanogenesis, methylamine/dimethylamine/trimethylamine => methane	Previous algorithm: distinct-gene set coverage	ES	Clade 3	IdrA-associated without complete DIRM-like synteny	6	10.1449275362319	0	0	6	10.1449275362319	0	0	0	0	0	unchanged; dual-copy MAG absent from this cell
Carbon	Methanogenesis, methylamine/dimethylamine/trimethylamine => methane	Previous algorithm: distinct-gene set coverage	NS	Clade 1	Canonical AioA-associated	1	0	0	0	1	0	0	0	0	0	0	unchanged; dual-copy MAG absent from this cell
Carbon	Methanogenesis, methylamine/dimethylamine/trimethylamine => methane	Previous algorithm: distinct-gene set coverage	NS	Clade 2	Unknown/uncertain DMSOR	1	4.34782608695652	0	0	1	4.34782608695652	0	0	0	0	0	unchanged; dual-copy MAG absent from this cell
Carbon	Pyruvate oxidation, pyruvate => acetyl-CoA	Previous algorithm: distinct-gene set coverage	IS	Clade 1	Canonical AioA-associated	1	27.2727272727273	0	0	1	27.2727272727273	0	0	0	0	0	unchanged; dual-copy MAG absent from this cell
Carbon	Pyruvate oxidation, pyruvate => acetyl-CoA	Previous algorithm: distinct-gene set coverage	IS	Clade 2	Unknown/uncertain DMSOR	5	20	0	0	5	20	0	0	0	0	0	unchanged; dual-copy MAG absent from this cell
Carbon	Pyruvate oxidation, pyruvate => acetyl-CoA	Previous algorithm: distinct-gene set coverage	IS	Clade 3	IdrA-associated without complete DIRM-like synteny	12	34.8484848484849	25	0	12	34.8484848484849	25	0	0	0	0	unchanged; dual-copy MAG absent from this cell
Carbon	Pyruvate oxidation, pyruvate => acetyl-CoA	Previous algorithm: distinct-gene set coverage	IS	Clade 4	IdrA-associated with DIRM-like synteny	20	41.3636363636364	20	0	20	41.3636363636364	20	0	0	0	0	unchanged; dual-copy MAG absent from this cell
Carbon	Pyruvate oxidation, pyruvate => acetyl-CoA	Previous algorithm: distinct-gene set coverage	AS	Clade 1	Canonical AioA-associated	1	0	0	0	0	NA	NA	NA	NA	NA	NA	cell becomes empty; original n=1 was descriptive only
Carbon	Pyruvate oxidation, pyruvate => acetyl-CoA	Previous algorithm: distinct-gene set coverage	AS	Clade 2	Unknown/uncertain DMSOR	1	27.2727272727273	0	0	1	27.2727272727273	0	0	0	0	0	unchanged; dual-copy MAG absent from this cell
Carbon	Pyruvate oxidation, pyruvate => acetyl-CoA	Previous algorithm: distinct-gene set coverage	AS	Clade 3	IdrA-associated without complete DIRM-like synteny	1	0	0	0	0	NA	NA	NA	NA	NA	NA	cell becomes empty; original n=1 was descriptive only
Carbon	Pyruvate oxidation, pyruvate => acetyl-CoA	Previous algorithm: distinct-gene set coverage	ES	Clade 3	IdrA-associated without complete DIRM-like synteny	6	33.3333333333333	16.6666666666667	0	6	33.3333333333333	16.6666666666667	0	0	0	0	unchanged; dual-copy MAG absent from this cell
Carbon	Pyruvate oxidation, pyruvate => acetyl-CoA	Previous algorithm: distinct-gene set coverage	NS	Clade 1	Canonical AioA-associated	1	27.2727272727273	0	0	1	27.2727272727273	0	0	0	0	0	unchanged; dual-copy MAG absent from this cell
Carbon	Pyruvate oxidation, pyruvate => acetyl-CoA	Previous algorithm: distinct-gene set coverage	NS	Clade 2	Unknown/uncertain DMSOR	1	18.1818181818182	0	0	1	18.1818181818182	0	0	0	0	0	unchanged; dual-copy MAG absent from this cell
Carbon	Reductive acetyl-CoA pathway (Wood-Ljungdahl pathway)	Previous algorithm: distinct-gene set coverage	IS	Clade 1	Canonical AioA-associated	1	20	0	0	1	20	0	0	0	0	0	unchanged; dual-copy MAG absent from this cell
Carbon	Reductive acetyl-CoA pathway (Wood-Ljungdahl pathway)	Previous algorithm: distinct-gene set coverage	IS	Clade 2	Unknown/uncertain DMSOR	5	6	0	0	5	6	0	0	0	0	0	unchanged; dual-copy MAG absent from this cell
Carbon	Reductive acetyl-CoA pathway (Wood-Ljungdahl pathway)	Previous algorithm: distinct-gene set coverage	IS	Clade 3	IdrA-associated without complete DIRM-like synteny	12	25.8333333333333	0	0	12	25.8333333333333	0	0	0	0	0	unchanged; dual-copy MAG absent from this cell
Carbon	Reductive acetyl-CoA pathway (Wood-Ljungdahl pathway)	Previous algorithm: distinct-gene set coverage	IS	Clade 4	IdrA-associated with DIRM-like synteny	20	29	5	0	20	29	5	0	0	0	0	unchanged; dual-copy MAG absent from this cell
Carbon	Reductive acetyl-CoA pathway (Wood-Ljungdahl pathway)	Previous algorithm: distinct-gene set coverage	AS	Clade 1	Canonical AioA-associated	1	0	0	0	0	NA	NA	NA	NA	NA	NA	cell becomes empty; original n=1 was descriptive only
Carbon	Reductive acetyl-CoA pathway (Wood-Ljungdahl pathway)	Previous algorithm: distinct-gene set coverage	AS	Clade 2	Unknown/uncertain DMSOR	1	0	0	0	1	0	0	0	0	0	0	unchanged; dual-copy MAG absent from this cell
Carbon	Reductive acetyl-CoA pathway (Wood-Ljungdahl pathway)	Previous algorithm: distinct-gene set coverage	AS	Clade 3	IdrA-associated without complete DIRM-like synteny	1	0	0	0	0	NA	NA	NA	NA	NA	NA	cell becomes empty; original n=1 was descriptive only
Carbon	Reductive acetyl-CoA pathway (Wood-Ljungdahl pathway)	Previous algorithm: distinct-gene set coverage	ES	Clade 3	IdrA-associated without complete DIRM-like synteny	6	20	0	0	6	20	0	0	0	0	0	unchanged; dual-copy MAG absent from this cell
Carbon	Reductive acetyl-CoA pathway (Wood-Ljungdahl pathway)	Previous algorithm: distinct-gene set coverage	NS	Clade 1	Canonical AioA-associated	1	10	0	0	1	10	0	0	0	0	0	unchanged; dual-copy MAG absent from this cell
Carbon	Reductive acetyl-CoA pathway (Wood-Ljungdahl pathway)	Previous algorithm: distinct-gene set coverage	NS	Clade 2	Unknown/uncertain DMSOR	1	10	0	0	1	10	0	0	0	0	0	unchanged; dual-copy MAG absent from this cell
Carbon	Reductive citrate cycle (Arnon-Buchanan cycle)	Previous algorithm: distinct-gene set coverage	IS	Clade 1	Canonical AioA-associated	1	32.5581395348837	0	0	1	32.5581395348837	0	0	0	0	0	unchanged; dual-copy MAG absent from this cell
Carbon	Reductive citrate cycle (Arnon-Buchanan cycle)	Previous algorithm: distinct-gene set coverage	IS	Clade 2	Unknown/uncertain DMSOR	5	24.1860465116279	0	0	5	24.1860465116279	0	0	0	0	0	unchanged; dual-copy MAG absent from this cell
Carbon	Reductive citrate cycle (Arnon-Buchanan cycle)	Previous algorithm: distinct-gene set coverage	IS	Clade 3	IdrA-associated without complete DIRM-like synteny	12	30.6201550387597	0	0	12	30.6201550387597	0	0	0	0	0	unchanged; dual-copy MAG absent from this cell
Carbon	Reductive citrate cycle (Arnon-Buchanan cycle)	Previous algorithm: distinct-gene set coverage	IS	Clade 4	IdrA-associated with DIRM-like synteny	20	31.9767441860465	0	0	20	31.9767441860465	0	0	0	0	0	unchanged; dual-copy MAG absent from this cell
Carbon	Reductive citrate cycle (Arnon-Buchanan cycle)	Previous algorithm: distinct-gene set coverage	AS	Clade 1	Canonical AioA-associated	1	9.30232558139535	0	0	0	NA	NA	NA	NA	NA	NA	cell becomes empty; original n=1 was descriptive only
Carbon	Reductive citrate cycle (Arnon-Buchanan cycle)	Previous algorithm: distinct-gene set coverage	AS	Clade 2	Unknown/uncertain DMSOR	1	23.2558139534884	0	0	1	23.2558139534884	0	0	0	0	0	unchanged; dual-copy MAG absent from this cell
Carbon	Reductive citrate cycle (Arnon-Buchanan cycle)	Previous algorithm: distinct-gene set coverage	AS	Clade 3	IdrA-associated without complete DIRM-like synteny	1	9.30232558139535	0	0	0	NA	NA	NA	NA	NA	NA	cell becomes empty; original n=1 was descriptive only
Carbon	Reductive citrate cycle (Arnon-Buchanan cycle)	Previous algorithm: distinct-gene set coverage	ES	Clade 3	IdrA-associated without complete DIRM-like synteny	6	29.0697674418605	0	0	6	29.0697674418605	0	0	0	0	0	unchanged; dual-copy MAG absent from this cell
Carbon	Reductive citrate cycle (Arnon-Buchanan cycle)	Previous algorithm: distinct-gene set coverage	NS	Clade 1	Canonical AioA-associated	1	30.2325581395349	0	0	1	30.2325581395349	0	0	0	0	0	unchanged; dual-copy MAG absent from this cell
Carbon	Reductive citrate cycle (Arnon-Buchanan cycle)	Previous algorithm: distinct-gene set coverage	NS	Clade 2	Unknown/uncertain DMSOR	1	13.953488372093	0	0	1	13.953488372093	0	0	0	0	0	unchanged; dual-copy MAG absent from this cell
Carbon	TCA /Reductive TCA	Previous algorithm: distinct-gene set coverage	IS	Clade 1	Canonical AioA-associated	1	100	100	100	1	100	100	100	0	0	0	unchanged; dual-copy MAG absent from this cell
Carbon	TCA /Reductive TCA	Previous algorithm: distinct-gene set coverage	IS	Clade 2	Unknown/uncertain DMSOR	5	20	20	20	5	20	20	20	0	0	0	unchanged; dual-copy MAG absent from this cell
Carbon	TCA /Reductive TCA	Previous algorithm: distinct-gene set coverage	IS	Clade 3	IdrA-associated without complete DIRM-like synteny	12	8.33333333333333	8.33333333333333	8.33333333333333	12	8.33333333333333	8.33333333333333	8.33333333333333	0	0	0	unchanged; dual-copy MAG absent from this cell
Carbon	TCA /Reductive TCA	Previous algorithm: distinct-gene set coverage	IS	Clade 4	IdrA-associated with DIRM-like synteny	20	0	0	0	20	0	0	0	0	0	0	unchanged; dual-copy MAG absent from this cell
Carbon	TCA /Reductive TCA	Previous algorithm: distinct-gene set coverage	AS	Clade 1	Canonical AioA-associated	1	0	0	0	0	NA	NA	NA	NA	NA	NA	cell becomes empty; original n=1 was descriptive only
Carbon	TCA /Reductive TCA	Previous algorithm: distinct-gene set coverage	AS	Clade 2	Unknown/uncertain DMSOR	1	0	0	0	1	0	0	0	0	0	0	unchanged; dual-copy MAG absent from this cell
Carbon	TCA /Reductive TCA	Previous algorithm: distinct-gene set coverage	AS	Clade 3	IdrA-associated without complete DIRM-like synteny	1	0	0	0	0	NA	NA	NA	NA	NA	NA	cell becomes empty; original n=1 was descriptive only
Carbon	TCA /Reductive TCA	Previous algorithm: distinct-gene set coverage	ES	Clade 3	IdrA-associated without complete DIRM-like synteny	6	33.3333333333333	33.3333333333333	33.3333333333333	6	33.3333333333333	33.3333333333333	33.3333333333333	0	0	0	unchanged; dual-copy MAG absent from this cell
Carbon	TCA /Reductive TCA	Previous algorithm: distinct-gene set coverage	NS	Clade 1	Canonical AioA-associated	1	0	0	0	1	0	0	0	0	0	0	unchanged; dual-copy MAG absent from this cell
Carbon	TCA /Reductive TCA	Previous algorithm: distinct-gene set coverage	NS	Clade 2	Unknown/uncertain DMSOR	1	0	0	0	1	0	0	0	0	0	0	unchanged; dual-copy MAG absent from this cell
Motility	Flagellar Assembly (partial 36-KO reconstruction)	Previous algorithm: distinct-gene set coverage	IS	Clade 1	Canonical AioA-associated	1	91.6666666666667	100	100	1	91.6666666666667	100	100	0	0	0	unchanged; dual-copy MAG absent from this cell
Motility	Flagellar Assembly (partial 36-KO reconstruction)	Previous algorithm: distinct-gene set coverage	IS	Clade 2	Unknown/uncertain DMSOR	5	12.7777777777778	20	0	5	12.7777777777778	20	0	0	0	0	unchanged; dual-copy MAG absent from this cell
Motility	Flagellar Assembly (partial 36-KO reconstruction)	Previous algorithm: distinct-gene set coverage	IS	Clade 3	IdrA-associated without complete DIRM-like synteny	12	34.2592592592593	25	8.33333333333333	12	34.2592592592593	25	8.33333333333333	0	0	0	unchanged; dual-copy MAG absent from this cell
Motility	Flagellar Assembly (partial 36-KO reconstruction)	Previous algorithm: distinct-gene set coverage	IS	Clade 4	IdrA-associated with DIRM-like synteny	20	44.0277777777778	65	0	20	44.0277777777778	65	0	0	0	0	unchanged; dual-copy MAG absent from this cell
Motility	Flagellar Assembly (partial 36-KO reconstruction)	Previous algorithm: distinct-gene set coverage	AS	Clade 1	Canonical AioA-associated	1	0	0	0	0	NA	NA	NA	NA	NA	NA	cell becomes empty; original n=1 was descriptive only
Motility	Flagellar Assembly (partial 36-KO reconstruction)	Previous algorithm: distinct-gene set coverage	AS	Clade 2	Unknown/uncertain DMSOR	1	0	0	0	1	0	0	0	0	0	0	unchanged; dual-copy MAG absent from this cell
Motility	Flagellar Assembly (partial 36-KO reconstruction)	Previous algorithm: distinct-gene set coverage	AS	Clade 3	IdrA-associated without complete DIRM-like synteny	1	0	0	0	0	NA	NA	NA	NA	NA	NA	cell becomes empty; original n=1 was descriptive only
Motility	Flagellar Assembly (partial 36-KO reconstruction)	Previous algorithm: distinct-gene set coverage	ES	Clade 3	IdrA-associated without complete DIRM-like synteny	6	10.6481481481481	16.6666666666667	0	6	10.6481481481481	16.6666666666667	0	0	0	0	unchanged; dual-copy MAG absent from this cell
Motility	Flagellar Assembly (partial 36-KO reconstruction)	Previous algorithm: distinct-gene set coverage	NS	Clade 1	Canonical AioA-associated	1	0	0	0	1	0	0	0	0	0	0	unchanged; dual-copy MAG absent from this cell
Motility	Flagellar Assembly (partial 36-KO reconstruction)	Previous algorithm: distinct-gene set coverage	NS	Clade 2	Unknown/uncertain DMSOR	1	0	0	0	1	0	0	0	0	0	0	unchanged; dual-copy MAG absent from this cell
Nitrogen	Assimilatory nitrate reduction, nitrate => ammonia	Previous algorithm: distinct-gene set coverage	IS	Clade 1	Canonical AioA-associated	1	16.6666666666667	0	0	1	16.6666666666667	0	0	0	0	0	unchanged; dual-copy MAG absent from this cell
Nitrogen	Assimilatory nitrate reduction, nitrate => ammonia	Previous algorithm: distinct-gene set coverage	IS	Clade 2	Unknown/uncertain DMSOR	5	0	0	0	5	0	0	0	0	0	0	unchanged; dual-copy MAG absent from this cell
Nitrogen	Assimilatory nitrate reduction, nitrate => ammonia	Previous algorithm: distinct-gene set coverage	IS	Clade 3	IdrA-associated without complete DIRM-like synteny	12	1.38888888888889	0	0	12	1.38888888888889	0	0	0	0	0	unchanged; dual-copy MAG absent from this cell
Nitrogen	Assimilatory nitrate reduction, nitrate => ammonia	Previous algorithm: distinct-gene set coverage	IS	Clade 4	IdrA-associated with DIRM-like synteny	20	0.833333333333333	0	0	20	0.833333333333333	0	0	0	0	0	unchanged; dual-copy MAG absent from this cell
Nitrogen	Assimilatory nitrate reduction, nitrate => ammonia	Previous algorithm: distinct-gene set coverage	AS	Clade 1	Canonical AioA-associated	1	0	0	0	0	NA	NA	NA	NA	NA	NA	cell becomes empty; original n=1 was descriptive only
Nitrogen	Assimilatory nitrate reduction, nitrate => ammonia	Previous algorithm: distinct-gene set coverage	AS	Clade 2	Unknown/uncertain DMSOR	1	0	0	0	1	0	0	0	0	0	0	unchanged; dual-copy MAG absent from this cell
Nitrogen	Assimilatory nitrate reduction, nitrate => ammonia	Previous algorithm: distinct-gene set coverage	AS	Clade 3	IdrA-associated without complete DIRM-like synteny	1	0	0	0	0	NA	NA	NA	NA	NA	NA	cell becomes empty; original n=1 was descriptive only
Nitrogen	Assimilatory nitrate reduction, nitrate => ammonia	Previous algorithm: distinct-gene set coverage	ES	Clade 3	IdrA-associated without complete DIRM-like synteny	6	0	0	0	6	0	0	0	0	0	0	unchanged; dual-copy MAG absent from this cell
Nitrogen	Assimilatory nitrate reduction, nitrate => ammonia	Previous algorithm: distinct-gene set coverage	NS	Clade 1	Canonical AioA-associated	1	0	0	0	1	0	0	0	0	0	0	unchanged; dual-copy MAG absent from this cell
Nitrogen	Assimilatory nitrate reduction, nitrate => ammonia	Previous algorithm: distinct-gene set coverage	NS	Clade 2	Unknown/uncertain DMSOR	1	0	0	0	1	0	0	0	0	0	0	unchanged; dual-copy MAG absent from this cell
Nitrogen	Complete nitrification, comammox, ammonia => nitrite => nitrate	Previous algorithm: distinct-gene set coverage	IS	Clade 1	Canonical AioA-associated	1	0	0	0	1	0	0	0	0	0	0	unchanged; dual-copy MAG absent from this cell
Nitrogen	Complete nitrification, comammox, ammonia => nitrite => nitrate	Previous algorithm: distinct-gene set coverage	IS	Clade 2	Unknown/uncertain DMSOR	5	3.33333333333333	0	0	5	3.33333333333333	0	0	0	0	0	unchanged; dual-copy MAG absent from this cell
Nitrogen	Complete nitrification, comammox, ammonia => nitrite => nitrate	Previous algorithm: distinct-gene set coverage	IS	Clade 3	IdrA-associated without complete DIRM-like synteny	12	5.55555555555556	8.33333333333333	0	12	5.55555555555556	8.33333333333333	0	0	0	0	unchanged; dual-copy MAG absent from this cell
Nitrogen	Complete nitrification, comammox, ammonia => nitrite => nitrate	Previous algorithm: distinct-gene set coverage	IS	Clade 4	IdrA-associated with DIRM-like synteny	20	0	0	0	20	0	0	0	0	0	0	unchanged; dual-copy MAG absent from this cell
Nitrogen	Complete nitrification, comammox, ammonia => nitrite => nitrate	Previous algorithm: distinct-gene set coverage	AS	Clade 1	Canonical AioA-associated	1	0	0	0	0	NA	NA	NA	NA	NA	NA	cell becomes empty; original n=1 was descriptive only
Nitrogen	Complete nitrification, comammox, ammonia => nitrite => nitrate	Previous algorithm: distinct-gene set coverage	AS	Clade 2	Unknown/uncertain DMSOR	1	33.3333333333333	0	0	1	33.3333333333333	0	0	0	0	0	unchanged; dual-copy MAG absent from this cell
Nitrogen	Complete nitrification, comammox, ammonia => nitrite => nitrate	Previous algorithm: distinct-gene set coverage	AS	Clade 3	IdrA-associated without complete DIRM-like synteny	1	0	0	0	0	NA	NA	NA	NA	NA	NA	cell becomes empty; original n=1 was descriptive only
Nitrogen	Complete nitrification, comammox, ammonia => nitrite => nitrate	Previous algorithm: distinct-gene set coverage	ES	Clade 3	IdrA-associated without complete DIRM-like synteny	6	5.55555555555556	0	0	6	5.55555555555556	0	0	0	0	0	unchanged; dual-copy MAG absent from this cell
Nitrogen	Complete nitrification, comammox, ammonia => nitrite => nitrate	Previous algorithm: distinct-gene set coverage	NS	Clade 1	Canonical AioA-associated	1	0	0	0	1	0	0	0	0	0	0	unchanged; dual-copy MAG absent from this cell
Nitrogen	Complete nitrification, comammox, ammonia => nitrite => nitrate	Previous algorithm: distinct-gene set coverage	NS	Clade 2	Unknown/uncertain DMSOR	1	0	0	0	1	0	0	0	0	0	0	unchanged; dual-copy MAG absent from this cell
Nitrogen	Denitrification, nitrate => nitrogen	Previous algorithm: distinct-gene set coverage	IS	Clade 1	Canonical AioA-associated	1	36.3636363636364	0	0	1	36.3636363636364	0	0	0	0	0	unchanged; dual-copy MAG absent from this cell
Nitrogen	Denitrification, nitrate => nitrogen	Previous algorithm: distinct-gene set coverage	IS	Clade 2	Unknown/uncertain DMSOR	5	14.5454545454545	0	0	5	14.5454545454545	0	0	0	0	0	unchanged; dual-copy MAG absent from this cell
Nitrogen	Denitrification, nitrate => nitrogen	Previous algorithm: distinct-gene set coverage	IS	Clade 3	IdrA-associated without complete DIRM-like synteny	12	34.0909090909091	41.6666666666667	0	12	34.0909090909091	41.6666666666667	0	0	0	0	unchanged; dual-copy MAG absent from this cell
Nitrogen	Denitrification, nitrate => nitrogen	Previous algorithm: distinct-gene set coverage	IS	Clade 4	IdrA-associated with DIRM-like synteny	20	33.6363636363636	15	0	20	33.6363636363636	15	0	0	0	0	unchanged; dual-copy MAG absent from this cell
Nitrogen	Denitrification, nitrate => nitrogen	Previous algorithm: distinct-gene set coverage	AS	Clade 1	Canonical AioA-associated	1	45.4545454545455	0	0	0	NA	NA	NA	NA	NA	NA	cell becomes empty; original n=1 was descriptive only
Nitrogen	Denitrification, nitrate => nitrogen	Previous algorithm: distinct-gene set coverage	AS	Clade 2	Unknown/uncertain DMSOR	1	27.2727272727273	0	0	1	27.2727272727273	0	0	0	0	0	unchanged; dual-copy MAG absent from this cell
Nitrogen	Denitrification, nitrate => nitrogen	Previous algorithm: distinct-gene set coverage	AS	Clade 3	IdrA-associated without complete DIRM-like synteny	1	45.4545454545455	0	0	0	NA	NA	NA	NA	NA	NA	cell becomes empty; original n=1 was descriptive only
Nitrogen	Denitrification, nitrate => nitrogen	Previous algorithm: distinct-gene set coverage	ES	Clade 3	IdrA-associated without complete DIRM-like synteny	6	21.2121212121212	0	0	6	21.2121212121212	0	0	0	0	0	unchanged; dual-copy MAG absent from this cell
Nitrogen	Denitrification, nitrate => nitrogen	Previous algorithm: distinct-gene set coverage	NS	Clade 1	Canonical AioA-associated	1	0	0	0	1	0	0	0	0	0	0	unchanged; dual-copy MAG absent from this cell
Nitrogen	Denitrification, nitrate => nitrogen	Previous algorithm: distinct-gene set coverage	NS	Clade 2	Unknown/uncertain DMSOR	1	9.09090909090909	0	0	1	9.09090909090909	0	0	0	0	0	unchanged; dual-copy MAG absent from this cell
Nitrogen	Dissimilatory nitrate reduction, nitrate => ammonia	Previous algorithm: distinct-gene set coverage	IS	Clade 1	Canonical AioA-associated	1	33.3333333333333	0	0	1	33.3333333333333	0	0	0	0	0	unchanged; dual-copy MAG absent from this cell
Nitrogen	Dissimilatory nitrate reduction, nitrate => ammonia	Previous algorithm: distinct-gene set coverage	IS	Clade 2	Unknown/uncertain DMSOR	5	8.88888888888889	0	0	5	8.88888888888889	0	0	0	0	0	unchanged; dual-copy MAG absent from this cell
Nitrogen	Dissimilatory nitrate reduction, nitrate => ammonia	Previous algorithm: distinct-gene set coverage	IS	Clade 3	IdrA-associated without complete DIRM-like synteny	12	24.0740740740741	8.33333333333333	0	12	24.0740740740741	8.33333333333333	0	0	0	0	unchanged; dual-copy MAG absent from this cell
Nitrogen	Dissimilatory nitrate reduction, nitrate => ammonia	Previous algorithm: distinct-gene set coverage	IS	Clade 4	IdrA-associated with DIRM-like synteny	20	17.2222222222222	0	0	20	17.2222222222222	0	0	0	0	0	unchanged; dual-copy MAG absent from this cell
Nitrogen	Dissimilatory nitrate reduction, nitrate => ammonia	Previous algorithm: distinct-gene set coverage	AS	Clade 1	Canonical AioA-associated	1	44.4444444444444	0	0	0	NA	NA	NA	NA	NA	NA	cell becomes empty; original n=1 was descriptive only
Nitrogen	Dissimilatory nitrate reduction, nitrate => ammonia	Previous algorithm: distinct-gene set coverage	AS	Clade 2	Unknown/uncertain DMSOR	1	22.2222222222222	0	0	1	22.2222222222222	0	0	0	0	0	unchanged; dual-copy MAG absent from this cell
Nitrogen	Dissimilatory nitrate reduction, nitrate => ammonia	Previous algorithm: distinct-gene set coverage	AS	Clade 3	IdrA-associated without complete DIRM-like synteny	1	44.4444444444444	0	0	0	NA	NA	NA	NA	NA	NA	cell becomes empty; original n=1 was descriptive only
Nitrogen	Dissimilatory nitrate reduction, nitrate => ammonia	Previous algorithm: distinct-gene set coverage	ES	Clade 3	IdrA-associated without complete DIRM-like synteny	6	18.5185185185185	16.6666666666667	0	6	18.5185185185185	16.6666666666667	0	0	0	0	unchanged; dual-copy MAG absent from this cell
Nitrogen	Dissimilatory nitrate reduction, nitrate => ammonia	Previous algorithm: distinct-gene set coverage	NS	Clade 1	Canonical AioA-associated	1	11.1111111111111	0	0	1	11.1111111111111	0	0	0	0	0	unchanged; dual-copy MAG absent from this cell
Nitrogen	Dissimilatory nitrate reduction, nitrate => ammonia	Previous algorithm: distinct-gene set coverage	NS	Clade 2	Unknown/uncertain DMSOR	1	0	0	0	1	0	0	0	0	0	0	unchanged; dual-copy MAG absent from this cell
Nitrogen	Nitrate assimilation	Previous algorithm: distinct-gene set coverage	IS	Clade 1	Canonical AioA-associated	1	100	100	100	1	100	100	100	0	0	0	unchanged; dual-copy MAG absent from this cell
Nitrogen	Nitrate assimilation	Previous algorithm: distinct-gene set coverage	IS	Clade 2	Unknown/uncertain DMSOR	5	60	60	60	5	60	60	60	0	0	0	unchanged; dual-copy MAG absent from this cell
Nitrogen	Nitrate assimilation	Previous algorithm: distinct-gene set coverage	IS	Clade 3	IdrA-associated without complete DIRM-like synteny	12	33.3333333333333	33.3333333333333	33.3333333333333	12	33.3333333333333	33.3333333333333	33.3333333333333	0	0	0	unchanged; dual-copy MAG absent from this cell
Nitrogen	Nitrate assimilation	Previous algorithm: distinct-gene set coverage	IS	Clade 4	IdrA-associated with DIRM-like synteny	20	50	50	50	20	50	50	50	0	0	0	unchanged; dual-copy MAG absent from this cell
Nitrogen	Nitrate assimilation	Previous algorithm: distinct-gene set coverage	AS	Clade 1	Canonical AioA-associated	1	100	100	100	0	NA	NA	NA	NA	NA	NA	cell becomes empty; original n=1 was descriptive only
Nitrogen	Nitrate assimilation	Previous algorithm: distinct-gene set coverage	AS	Clade 2	Unknown/uncertain DMSOR	1	0	0	0	1	0	0	0	0	0	0	unchanged; dual-copy MAG absent from this cell
Nitrogen	Nitrate assimilation	Previous algorithm: distinct-gene set coverage	AS	Clade 3	IdrA-associated without complete DIRM-like synteny	1	100	100	100	0	NA	NA	NA	NA	NA	NA	cell becomes empty; original n=1 was descriptive only
Nitrogen	Nitrate assimilation	Previous algorithm: distinct-gene set coverage	ES	Clade 3	IdrA-associated without complete DIRM-like synteny	6	16.6666666666667	16.6666666666667	16.6666666666667	6	16.6666666666667	16.6666666666667	16.6666666666667	0	0	0	unchanged; dual-copy MAG absent from this cell
Nitrogen	Nitrate assimilation	Previous algorithm: distinct-gene set coverage	NS	Clade 1	Canonical AioA-associated	1	0	0	0	1	0	0	0	0	0	0	unchanged; dual-copy MAG absent from this cell
Nitrogen	Nitrate assimilation	Previous algorithm: distinct-gene set coverage	NS	Clade 2	Unknown/uncertain DMSOR	1	0	0	0	1	0	0	0	0	0	0	unchanged; dual-copy MAG absent from this cell
Nitrogen	Nitrification, ammonia => nitrite	Previous algorithm: distinct-gene set coverage	IS	Clade 1	Canonical AioA-associated	1	0	0	0	1	0	0	0	0	0	0	unchanged; dual-copy MAG absent from this cell
Nitrogen	Nitrification, ammonia => nitrite	Previous algorithm: distinct-gene set coverage	IS	Clade 2	Unknown/uncertain DMSOR	5	0	0	0	5	0	0	0	0	0	0	unchanged; dual-copy MAG absent from this cell
Nitrogen	Nitrification, ammonia => nitrite	Previous algorithm: distinct-gene set coverage	IS	Clade 3	IdrA-associated without complete DIRM-like synteny	12	4.16666666666667	8.33333333333333	0	12	4.16666666666667	8.33333333333333	0	0	0	0	unchanged; dual-copy MAG absent from this cell
Nitrogen	Nitrification, ammonia => nitrite	Previous algorithm: distinct-gene set coverage	IS	Clade 4	IdrA-associated with DIRM-like synteny	20	0	0	0	20	0	0	0	0	0	0	unchanged; dual-copy MAG absent from this cell
Nitrogen	Nitrification, ammonia => nitrite	Previous algorithm: distinct-gene set coverage	AS	Clade 1	Canonical AioA-associated	1	0	0	0	0	NA	NA	NA	NA	NA	NA	cell becomes empty; original n=1 was descriptive only
Nitrogen	Nitrification, ammonia => nitrite	Previous algorithm: distinct-gene set coverage	AS	Clade 2	Unknown/uncertain DMSOR	1	0	0	0	1	0	0	0	0	0	0	unchanged; dual-copy MAG absent from this cell
Nitrogen	Nitrification, ammonia => nitrite	Previous algorithm: distinct-gene set coverage	AS	Clade 3	IdrA-associated without complete DIRM-like synteny	1	0	0	0	0	NA	NA	NA	NA	NA	NA	cell becomes empty; original n=1 was descriptive only
Nitrogen	Nitrification, ammonia => nitrite	Previous algorithm: distinct-gene set coverage	ES	Clade 3	IdrA-associated without complete DIRM-like synteny	6	4.16666666666667	0	0	6	4.16666666666667	0	0	0	0	0	unchanged; dual-copy MAG absent from this cell
Nitrogen	Nitrification, ammonia => nitrite	Previous algorithm: distinct-gene set coverage	NS	Clade 1	Canonical AioA-associated	1	0	0	0	1	0	0	0	0	0	0	unchanged; dual-copy MAG absent from this cell
Nitrogen	Nitrification, ammonia => nitrite	Previous algorithm: distinct-gene set coverage	NS	Clade 2	Unknown/uncertain DMSOR	1	0	0	0	1	0	0	0	0	0	0	unchanged; dual-copy MAG absent from this cell
Nitrogen	Nitrogen fixation, nitrogen => ammonia	Previous algorithm: distinct-gene set coverage	IS	Clade 1	Canonical AioA-associated	1	0	0	0	1	0	0	0	0	0	0	unchanged; dual-copy MAG absent from this cell
Nitrogen	Nitrogen fixation, nitrogen => ammonia	Previous algorithm: distinct-gene set coverage	IS	Clade 2	Unknown/uncertain DMSOR	5	0	0	0	5	0	0	0	0	0	0	unchanged; dual-copy MAG absent from this cell
Nitrogen	Nitrogen fixation, nitrogen => ammonia	Previous algorithm: distinct-gene set coverage	IS	Clade 3	IdrA-associated without complete DIRM-like synteny	12	0	0	0	12	0	0	0	0	0	0	unchanged; dual-copy MAG absent from this cell
Nitrogen	Nitrogen fixation, nitrogen => ammonia	Previous algorithm: distinct-gene set coverage	IS	Clade 4	IdrA-associated with DIRM-like synteny	20	0	0	0	20	0	0	0	0	0	0	unchanged; dual-copy MAG absent from this cell
Nitrogen	Nitrogen fixation, nitrogen => ammonia	Previous algorithm: distinct-gene set coverage	AS	Clade 1	Canonical AioA-associated	1	0	0	0	0	NA	NA	NA	NA	NA	NA	cell becomes empty; original n=1 was descriptive only
Nitrogen	Nitrogen fixation, nitrogen => ammonia	Previous algorithm: distinct-gene set coverage	AS	Clade 2	Unknown/uncertain DMSOR	1	0	0	0	1	0	0	0	0	0	0	unchanged; dual-copy MAG absent from this cell
Nitrogen	Nitrogen fixation, nitrogen => ammonia	Previous algorithm: distinct-gene set coverage	AS	Clade 3	IdrA-associated without complete DIRM-like synteny	1	0	0	0	0	NA	NA	NA	NA	NA	NA	cell becomes empty; original n=1 was descriptive only
Nitrogen	Nitrogen fixation, nitrogen => ammonia	Previous algorithm: distinct-gene set coverage	ES	Clade 3	IdrA-associated without complete DIRM-like synteny	6	0	0	0	6	0	0	0	0	0	0	unchanged; dual-copy MAG absent from this cell
Nitrogen	Nitrogen fixation, nitrogen => ammonia	Previous algorithm: distinct-gene set coverage	NS	Clade 1	Canonical AioA-associated	1	0	0	0	1	0	0	0	0	0	0	unchanged; dual-copy MAG absent from this cell
Nitrogen	Nitrogen fixation, nitrogen => ammonia	Previous algorithm: distinct-gene set coverage	NS	Clade 2	Unknown/uncertain DMSOR	1	0	0	0	1	0	0	0	0	0	0	unchanged; dual-copy MAG absent from this cell
Nitrogen	Urea cycle	Previous algorithm: distinct-gene set coverage	IS	Clade 1	Canonical AioA-associated	1	50	100	0	1	50	100	0	0	0	0	unchanged; dual-copy MAG absent from this cell
Nitrogen	Urea cycle	Previous algorithm: distinct-gene set coverage	IS	Clade 2	Unknown/uncertain DMSOR	5	36.6666666666667	40	0	5	36.6666666666667	40	0	0	0	0	unchanged; dual-copy MAG absent from this cell
Nitrogen	Urea cycle	Previous algorithm: distinct-gene set coverage	IS	Clade 3	IdrA-associated without complete DIRM-like synteny	12	45.8333333333333	66.6666666666667	0	12	45.8333333333333	66.6666666666667	0	0	0	0	unchanged; dual-copy MAG absent from this cell
Nitrogen	Urea cycle	Previous algorithm: distinct-gene set coverage	IS	Clade 4	IdrA-associated with DIRM-like synteny	20	52.5	85	0	20	52.5	85	0	0	0	0	unchanged; dual-copy MAG absent from this cell
Nitrogen	Urea cycle	Previous algorithm: distinct-gene set coverage	AS	Clade 1	Canonical AioA-associated	1	50	100	0	0	NA	NA	NA	NA	NA	NA	cell becomes empty; original n=1 was descriptive only
Nitrogen	Urea cycle	Previous algorithm: distinct-gene set coverage	AS	Clade 2	Unknown/uncertain DMSOR	1	33.3333333333333	0	0	1	33.3333333333333	0	0	0	0	0	unchanged; dual-copy MAG absent from this cell
Nitrogen	Urea cycle	Previous algorithm: distinct-gene set coverage	AS	Clade 3	IdrA-associated without complete DIRM-like synteny	1	50	100	0	0	NA	NA	NA	NA	NA	NA	cell becomes empty; original n=1 was descriptive only
Nitrogen	Urea cycle	Previous algorithm: distinct-gene set coverage	ES	Clade 3	IdrA-associated without complete DIRM-like synteny	6	47.2222222222222	66.6666666666667	0	6	47.2222222222222	66.6666666666667	0	0	0	0	unchanged; dual-copy MAG absent from this cell
Nitrogen	Urea cycle	Previous algorithm: distinct-gene set coverage	NS	Clade 1	Canonical AioA-associated	1	66.6666666666667	100	0	1	66.6666666666667	100	0	0	0	0	unchanged; dual-copy MAG absent from this cell
Nitrogen	Urea cycle	Previous algorithm: distinct-gene set coverage	NS	Clade 2	Unknown/uncertain DMSOR	1	0	0	0	1	0	0	0	0	0	0	unchanged; dual-copy MAG absent from this cell
Nitrogen	Urea transport system	Previous algorithm: distinct-gene set coverage	IS	Clade 1	Canonical AioA-associated	1	100	100	100	1	100	100	100	0	0	0	unchanged; dual-copy MAG absent from this cell
Nitrogen	Urea transport system	Previous algorithm: distinct-gene set coverage	IS	Clade 2	Unknown/uncertain DMSOR	5	0	0	0	5	0	0	0	0	0	0	unchanged; dual-copy MAG absent from this cell
Nitrogen	Urea transport system	Previous algorithm: distinct-gene set coverage	IS	Clade 3	IdrA-associated without complete DIRM-like synteny	12	11.6666666666667	8.33333333333333	8.33333333333333	12	11.6666666666667	8.33333333333333	8.33333333333333	0	0	0	unchanged; dual-copy MAG absent from this cell
Nitrogen	Urea transport system	Previous algorithm: distinct-gene set coverage	IS	Clade 4	IdrA-associated with DIRM-like synteny	20	15	15	15	20	15	15	15	0	0	0	unchanged; dual-copy MAG absent from this cell
Nitrogen	Urea transport system	Previous algorithm: distinct-gene set coverage	AS	Clade 1	Canonical AioA-associated	1	0	0	0	0	NA	NA	NA	NA	NA	NA	cell becomes empty; original n=1 was descriptive only
Nitrogen	Urea transport system	Previous algorithm: distinct-gene set coverage	AS	Clade 2	Unknown/uncertain DMSOR	1	0	0	0	1	0	0	0	0	0	0	unchanged; dual-copy MAG absent from this cell
Nitrogen	Urea transport system	Previous algorithm: distinct-gene set coverage	AS	Clade 3	IdrA-associated without complete DIRM-like synteny	1	0	0	0	0	NA	NA	NA	NA	NA	NA	cell becomes empty; original n=1 was descriptive only
Nitrogen	Urea transport system	Previous algorithm: distinct-gene set coverage	ES	Clade 3	IdrA-associated without complete DIRM-like synteny	6	0	0	0	6	0	0	0	0	0	0	unchanged; dual-copy MAG absent from this cell
Nitrogen	Urea transport system	Previous algorithm: distinct-gene set coverage	NS	Clade 1	Canonical AioA-associated	1	0	0	0	1	0	0	0	0	0	0	unchanged; dual-copy MAG absent from this cell
Nitrogen	Urea transport system	Previous algorithm: distinct-gene set coverage	NS	Clade 2	Unknown/uncertain DMSOR	1	0	0	0	1	0	0	0	0	0	0	unchanged; dual-copy MAG absent from this cell
Nitrogen	nitrite + ammonia => nitrogen	Previous algorithm: distinct-gene set coverage	IS	Clade 1	Canonical AioA-associated	1	0	0	0	1	0	0	0	0	0	0	unchanged; dual-copy MAG absent from this cell
Nitrogen	nitrite + ammonia => nitrogen	Previous algorithm: distinct-gene set coverage	IS	Clade 2	Unknown/uncertain DMSOR	5	6.66666666666667	0	0	5	6.66666666666667	0	0	0	0	0	unchanged; dual-copy MAG absent from this cell
Nitrogen	nitrite + ammonia => nitrogen	Previous algorithm: distinct-gene set coverage	IS	Clade 3	IdrA-associated without complete DIRM-like synteny	12	9.25925925925926	0	0	12	9.25925925925926	0	0	0	0	0	unchanged; dual-copy MAG absent from this cell
Nitrogen	nitrite + ammonia => nitrogen	Previous algorithm: distinct-gene set coverage	IS	Clade 4	IdrA-associated with DIRM-like synteny	20	9.44444444444444	0	0	20	9.44444444444444	0	0	0	0	0	unchanged; dual-copy MAG absent from this cell
Nitrogen	nitrite + ammonia => nitrogen	Previous algorithm: distinct-gene set coverage	AS	Clade 1	Canonical AioA-associated	1	11.1111111111111	0	0	0	NA	NA	NA	NA	NA	NA	cell becomes empty; original n=1 was descriptive only
Nitrogen	nitrite + ammonia => nitrogen	Previous algorithm: distinct-gene set coverage	AS	Clade 2	Unknown/uncertain DMSOR	1	22.2222222222222	0	0	1	22.2222222222222	0	0	0	0	0	unchanged; dual-copy MAG absent from this cell
Nitrogen	nitrite + ammonia => nitrogen	Previous algorithm: distinct-gene set coverage	AS	Clade 3	IdrA-associated without complete DIRM-like synteny	1	11.1111111111111	0	0	0	NA	NA	NA	NA	NA	NA	cell becomes empty; original n=1 was descriptive only
Nitrogen	nitrite + ammonia => nitrogen	Previous algorithm: distinct-gene set coverage	ES	Clade 3	IdrA-associated without complete DIRM-like synteny	6	7.40740740740741	0	0	6	7.40740740740741	0	0	0	0	0	unchanged; dual-copy MAG absent from this cell
Nitrogen	nitrite + ammonia => nitrogen	Previous algorithm: distinct-gene set coverage	NS	Clade 1	Canonical AioA-associated	1	0	0	0	1	0	0	0	0	0	0	unchanged; dual-copy MAG absent from this cell
Nitrogen	nitrite + ammonia => nitrogen	Previous algorithm: distinct-gene set coverage	NS	Clade 2	Unknown/uncertain DMSOR	1	0	0	0	1	0	0	0	0	0	0	unchanged; dual-copy MAG absent from this cell
Sulfur	Assimilatory sulfate reduction, sulfate => H2S	Previous algorithm: distinct-gene set coverage	IS	Clade 1	Canonical AioA-associated	1	30	0	0	1	30	0	0	0	0	0	unchanged; dual-copy MAG absent from this cell
Sulfur	Assimilatory sulfate reduction, sulfate => H2S	Previous algorithm: distinct-gene set coverage	IS	Clade 2	Unknown/uncertain DMSOR	5	8	0	0	5	8	0	0	0	0	0	unchanged; dual-copy MAG absent from this cell
Sulfur	Assimilatory sulfate reduction, sulfate => H2S	Previous algorithm: distinct-gene set coverage	IS	Clade 3	IdrA-associated without complete DIRM-like synteny	12	19.1666666666667	16.6666666666667	0	12	19.1666666666667	16.6666666666667	0	0	0	0	unchanged; dual-copy MAG absent from this cell
Sulfur	Assimilatory sulfate reduction, sulfate => H2S	Previous algorithm: distinct-gene set coverage	IS	Clade 4	IdrA-associated with DIRM-like synteny	20	27.5	10	0	20	27.5	10	0	0	0	0	unchanged; dual-copy MAG absent from this cell
Sulfur	Assimilatory sulfate reduction, sulfate => H2S	Previous algorithm: distinct-gene set coverage	AS	Clade 1	Canonical AioA-associated	1	10	0	0	0	NA	NA	NA	NA	NA	NA	cell becomes empty; original n=1 was descriptive only
Sulfur	Assimilatory sulfate reduction, sulfate => H2S	Previous algorithm: distinct-gene set coverage	AS	Clade 2	Unknown/uncertain DMSOR	1	0	0	0	1	0	0	0	0	0	0	unchanged; dual-copy MAG absent from this cell
Sulfur	Assimilatory sulfate reduction, sulfate => H2S	Previous algorithm: distinct-gene set coverage	AS	Clade 3	IdrA-associated without complete DIRM-like synteny	1	10	0	0	0	NA	NA	NA	NA	NA	NA	cell becomes empty; original n=1 was descriptive only
Sulfur	Assimilatory sulfate reduction, sulfate => H2S	Previous algorithm: distinct-gene set coverage	ES	Clade 3	IdrA-associated without complete DIRM-like synteny	6	11.6666666666667	0	0	6	11.6666666666667	0	0	0	0	0	unchanged; dual-copy MAG absent from this cell
Sulfur	Assimilatory sulfate reduction, sulfate => H2S	Previous algorithm: distinct-gene set coverage	NS	Clade 1	Canonical AioA-associated	1	10	0	0	1	10	0	0	0	0	0	unchanged; dual-copy MAG absent from this cell
Sulfur	Assimilatory sulfate reduction, sulfate => H2S	Previous algorithm: distinct-gene set coverage	NS	Clade 2	Unknown/uncertain DMSOR	1	0	0	0	1	0	0	0	0	0	0	unchanged; dual-copy MAG absent from this cell
Sulfur	Dissimilatory sulfate reduction, sulfate => H2S	Previous algorithm: distinct-gene set coverage	IS	Clade 1	Canonical AioA-associated	1	28.5714285714286	0	0	1	28.5714285714286	0	0	0	0	0	unchanged; dual-copy MAG absent from this cell
Sulfur	Dissimilatory sulfate reduction, sulfate => H2S	Previous algorithm: distinct-gene set coverage	IS	Clade 2	Unknown/uncertain DMSOR	5	8.57142857142857	0	0	5	8.57142857142857	0	0	0	0	0	unchanged; dual-copy MAG absent from this cell
Sulfur	Dissimilatory sulfate reduction, sulfate => H2S	Previous algorithm: distinct-gene set coverage	IS	Clade 3	IdrA-associated without complete DIRM-like synteny	12	40.4761904761905	33.3333333333333	0	12	40.4761904761905	33.3333333333333	0	0	0	0	unchanged; dual-copy MAG absent from this cell
Sulfur	Dissimilatory sulfate reduction, sulfate => H2S	Previous algorithm: distinct-gene set coverage	IS	Clade 4	IdrA-associated with DIRM-like synteny	20	35.7142857142857	5	0	20	35.7142857142857	5	0	0	0	0	unchanged; dual-copy MAG absent from this cell
Sulfur	Dissimilatory sulfate reduction, sulfate => H2S	Previous algorithm: distinct-gene set coverage	AS	Clade 1	Canonical AioA-associated	1	28.5714285714286	0	0	0	NA	NA	NA	NA	NA	NA	cell becomes empty; original n=1 was descriptive only
Sulfur	Dissimilatory sulfate reduction, sulfate => H2S	Previous algorithm: distinct-gene set coverage	AS	Clade 2	Unknown/uncertain DMSOR	1	0	0	0	1	0	0	0	0	0	0	unchanged; dual-copy MAG absent from this cell
Sulfur	Dissimilatory sulfate reduction, sulfate => H2S	Previous algorithm: distinct-gene set coverage	AS	Clade 3	IdrA-associated without complete DIRM-like synteny	1	28.5714285714286	0	0	0	NA	NA	NA	NA	NA	NA	cell becomes empty; original n=1 was descriptive only
Sulfur	Dissimilatory sulfate reduction, sulfate => H2S	Previous algorithm: distinct-gene set coverage	ES	Clade 3	IdrA-associated without complete DIRM-like synteny	6	28.5714285714286	16.6666666666667	0	6	28.5714285714286	16.6666666666667	0	0	0	0	unchanged; dual-copy MAG absent from this cell
Sulfur	Dissimilatory sulfate reduction, sulfate => H2S	Previous algorithm: distinct-gene set coverage	NS	Clade 1	Canonical AioA-associated	1	14.2857142857143	0	0	1	14.2857142857143	0	0	0	0	0	unchanged; dual-copy MAG absent from this cell
Sulfur	Dissimilatory sulfate reduction, sulfate => H2S	Previous algorithm: distinct-gene set coverage	NS	Clade 2	Unknown/uncertain DMSOR	1	0	0	0	1	0	0	0	0	0	0	unchanged; dual-copy MAG absent from this cell
Sulfur	Sulfate/thiosulfate transport system	Previous algorithm: distinct-gene set coverage	IS	Clade 1	Canonical AioA-associated	1	80	100	100	1	80	100	100	0	0	0	unchanged; dual-copy MAG absent from this cell
Sulfur	Sulfate/thiosulfate transport system	Previous algorithm: distinct-gene set coverage	IS	Clade 2	Unknown/uncertain DMSOR	5	0	0	0	5	0	0	0	0	0	0	unchanged; dual-copy MAG absent from this cell
Sulfur	Sulfate/thiosulfate transport system	Previous algorithm: distinct-gene set coverage	IS	Clade 3	IdrA-associated without complete DIRM-like synteny	12	0	0	0	12	0	0	0	0	0	0	unchanged; dual-copy MAG absent from this cell
Sulfur	Sulfate/thiosulfate transport system	Previous algorithm: distinct-gene set coverage	IS	Clade 4	IdrA-associated with DIRM-like synteny	20	0	0	0	20	0	0	0	0	0	0	unchanged; dual-copy MAG absent from this cell
Sulfur	Sulfate/thiosulfate transport system	Previous algorithm: distinct-gene set coverage	AS	Clade 1	Canonical AioA-associated	1	0	0	0	0	NA	NA	NA	NA	NA	NA	cell becomes empty; original n=1 was descriptive only
Sulfur	Sulfate/thiosulfate transport system	Previous algorithm: distinct-gene set coverage	AS	Clade 2	Unknown/uncertain DMSOR	1	0	0	0	1	0	0	0	0	0	0	unchanged; dual-copy MAG absent from this cell
Sulfur	Sulfate/thiosulfate transport system	Previous algorithm: distinct-gene set coverage	AS	Clade 3	IdrA-associated without complete DIRM-like synteny	1	0	0	0	0	NA	NA	NA	NA	NA	NA	cell becomes empty; original n=1 was descriptive only
Sulfur	Sulfate/thiosulfate transport system	Previous algorithm: distinct-gene set coverage	ES	Clade 3	IdrA-associated without complete DIRM-like synteny	6	0	0	0	6	0	0	0	0	0	0	unchanged; dual-copy MAG absent from this cell
Sulfur	Sulfate/thiosulfate transport system	Previous algorithm: distinct-gene set coverage	NS	Clade 1	Canonical AioA-associated	1	0	0	0	1	0	0	0	0	0	0	unchanged; dual-copy MAG absent from this cell
Sulfur	Sulfate/thiosulfate transport system	Previous algorithm: distinct-gene set coverage	NS	Clade 2	Unknown/uncertain DMSOR	1	0	0	0	1	0	0	0	0	0	0	unchanged; dual-copy MAG absent from this cell
Sulfur	Sulfonate transport system	Previous algorithm: distinct-gene set coverage	IS	Clade 1	Canonical AioA-associated	1	0	0	0	1	0	0	0	0	0	0	unchanged; dual-copy MAG absent from this cell
Sulfur	Sulfonate transport system	Previous algorithm: distinct-gene set coverage	IS	Clade 2	Unknown/uncertain DMSOR	5	0	0	0	5	0	0	0	0	0	0	unchanged; dual-copy MAG absent from this cell
Sulfur	Sulfonate transport system	Previous algorithm: distinct-gene set coverage	IS	Clade 3	IdrA-associated without complete DIRM-like synteny	12	11.1111111111111	0	0	12	11.1111111111111	0	0	0	0	0	unchanged; dual-copy MAG absent from this cell
Sulfur	Sulfonate transport system	Previous algorithm: distinct-gene set coverage	IS	Clade 4	IdrA-associated with DIRM-like synteny	20	16.6666666666667	5	0	20	16.6666666666667	5	0	0	0	0	unchanged; dual-copy MAG absent from this cell
Sulfur	Sulfonate transport system	Previous algorithm: distinct-gene set coverage	AS	Clade 1	Canonical AioA-associated	1	0	0	0	0	NA	NA	NA	NA	NA	NA	cell becomes empty; original n=1 was descriptive only
Sulfur	Sulfonate transport system	Previous algorithm: distinct-gene set coverage	AS	Clade 2	Unknown/uncertain DMSOR	1	0	0	0	1	0	0	0	0	0	0	unchanged; dual-copy MAG absent from this cell
Sulfur	Sulfonate transport system	Previous algorithm: distinct-gene set coverage	AS	Clade 3	IdrA-associated without complete DIRM-like synteny	1	0	0	0	0	NA	NA	NA	NA	NA	NA	cell becomes empty; original n=1 was descriptive only
Sulfur	Sulfonate transport system	Previous algorithm: distinct-gene set coverage	ES	Clade 3	IdrA-associated without complete DIRM-like synteny	6	22.2222222222222	33.3333333333333	0	6	22.2222222222222	33.3333333333333	0	0	0	0	unchanged; dual-copy MAG absent from this cell
Sulfur	Sulfonate transport system	Previous algorithm: distinct-gene set coverage	NS	Clade 1	Canonical AioA-associated	1	0	0	0	1	0	0	0	0	0	0	unchanged; dual-copy MAG absent from this cell
Sulfur	Sulfonate transport system	Previous algorithm: distinct-gene set coverage	NS	Clade 2	Unknown/uncertain DMSOR	1	0	0	0	1	0	0	0	0	0	0	unchanged; dual-copy MAG absent from this cell
Sulfur	Thiosulfate oxidation by SOX complex, thiosulfate => sulfate	Previous algorithm: distinct-gene set coverage	IS	Clade 1	Canonical AioA-associated	1	14.2857142857143	0	0	1	14.2857142857143	0	0	0	0	0	unchanged; dual-copy MAG absent from this cell
Sulfur	Thiosulfate oxidation by SOX complex, thiosulfate => sulfate	Previous algorithm: distinct-gene set coverage	IS	Clade 2	Unknown/uncertain DMSOR	5	0	0	0	5	0	0	0	0	0	0	unchanged; dual-copy MAG absent from this cell
Sulfur	Thiosulfate oxidation by SOX complex, thiosulfate => sulfate	Previous algorithm: distinct-gene set coverage	IS	Clade 3	IdrA-associated without complete DIRM-like synteny	12	52.3809523809524	66.6666666666667	16.6666666666667	12	52.3809523809524	66.6666666666667	16.6666666666667	0	0	0	unchanged; dual-copy MAG absent from this cell
Sulfur	Thiosulfate oxidation by SOX complex, thiosulfate => sulfate	Previous algorithm: distinct-gene set coverage	IS	Clade 4	IdrA-associated with DIRM-like synteny	20	53.5714285714286	70	30	20	53.5714285714286	70	30	0	0	0	unchanged; dual-copy MAG absent from this cell
Sulfur	Thiosulfate oxidation by SOX complex, thiosulfate => sulfate	Previous algorithm: distinct-gene set coverage	AS	Clade 1	Canonical AioA-associated	1	57.1428571428571	100	0	0	NA	NA	NA	NA	NA	NA	cell becomes empty; original n=1 was descriptive only
Sulfur	Thiosulfate oxidation by SOX complex, thiosulfate => sulfate	Previous algorithm: distinct-gene set coverage	AS	Clade 2	Unknown/uncertain DMSOR	1	0	0	0	1	0	0	0	0	0	0	unchanged; dual-copy MAG absent from this cell
Sulfur	Thiosulfate oxidation by SOX complex, thiosulfate => sulfate	Previous algorithm: distinct-gene set coverage	AS	Clade 3	IdrA-associated without complete DIRM-like synteny	1	57.1428571428571	100	0	0	NA	NA	NA	NA	NA	NA	cell becomes empty; original n=1 was descriptive only
Sulfur	Thiosulfate oxidation by SOX complex, thiosulfate => sulfate	Previous algorithm: distinct-gene set coverage	ES	Clade 3	IdrA-associated without complete DIRM-like synteny	6	11.9047619047619	0	0	6	11.9047619047619	0	0	0	0	0	unchanged; dual-copy MAG absent from this cell
Sulfur	Thiosulfate oxidation by SOX complex, thiosulfate => sulfate	Previous algorithm: distinct-gene set coverage	NS	Clade 1	Canonical AioA-associated	1	42.8571428571429	0	0	1	42.8571428571429	0	0	0	0	0	unchanged; dual-copy MAG absent from this cell
Sulfur	Thiosulfate oxidation by SOX complex, thiosulfate => sulfate	Previous algorithm: distinct-gene set coverage	NS	Clade 2	Unknown/uncertain DMSOR	1	0	0	0	1	0	0	0	0	0	0	unchanged; dual-copy MAG absent from this cell
Vitamin B12	Cobalamin biosynthesis, cobinamide => cobalamin	Previous algorithm: distinct-gene set coverage	IS	Clade 1	Canonical AioA-associated	1	62.5	100	0	1	62.5	100	0	0	0	0	unchanged; dual-copy MAG absent from this cell
Vitamin B12	Cobalamin biosynthesis, cobinamide => cobalamin	Previous algorithm: distinct-gene set coverage	IS	Clade 2	Unknown/uncertain DMSOR	5	12.5	0	0	5	12.5	0	0	0	0	0	unchanged; dual-copy MAG absent from this cell
Vitamin B12	Cobalamin biosynthesis, cobinamide => cobalamin	Previous algorithm: distinct-gene set coverage	IS	Clade 3	IdrA-associated without complete DIRM-like synteny	12	59.375	83.3333333333333	41.6666666666667	12	59.375	83.3333333333333	41.6666666666667	0	0	0	unchanged; dual-copy MAG absent from this cell
Vitamin B12	Cobalamin biosynthesis, cobinamide => cobalamin	Previous algorithm: distinct-gene set coverage	IS	Clade 4	IdrA-associated with DIRM-like synteny	20	79.375	100	90	20	79.375	100	90	0	0	0	unchanged; dual-copy MAG absent from this cell
Vitamin B12	Cobalamin biosynthesis, cobinamide => cobalamin	Previous algorithm: distinct-gene set coverage	AS	Clade 1	Canonical AioA-associated	1	12.5	0	0	0	NA	NA	NA	NA	NA	NA	cell becomes empty; original n=1 was descriptive only
Vitamin B12	Cobalamin biosynthesis, cobinamide => cobalamin	Previous algorithm: distinct-gene set coverage	AS	Clade 2	Unknown/uncertain DMSOR	1	12.5	0	0	1	12.5	0	0	0	0	0	unchanged; dual-copy MAG absent from this cell
Vitamin B12	Cobalamin biosynthesis, cobinamide => cobalamin	Previous algorithm: distinct-gene set coverage	AS	Clade 3	IdrA-associated without complete DIRM-like synteny	1	12.5	0	0	0	NA	NA	NA	NA	NA	NA	cell becomes empty; original n=1 was descriptive only
Vitamin B12	Cobalamin biosynthesis, cobinamide => cobalamin	Previous algorithm: distinct-gene set coverage	ES	Clade 3	IdrA-associated without complete DIRM-like synteny	6	14.5833333333333	0	0	6	14.5833333333333	0	0	0	0	0	unchanged; dual-copy MAG absent from this cell
Vitamin B12	Cobalamin biosynthesis, cobinamide => cobalamin	Previous algorithm: distinct-gene set coverage	NS	Clade 1	Canonical AioA-associated	1	25	0	0	1	25	0	0	0	0	0	unchanged; dual-copy MAG absent from this cell
Vitamin B12	Cobalamin biosynthesis, cobinamide => cobalamin	Previous algorithm: distinct-gene set coverage	NS	Clade 2	Unknown/uncertain DMSOR	1	0	0	0	1	0	0	0	0	0	0	unchanged; dual-copy MAG absent from this cell
Vitamin B12	Cobalamin biosynthesis, precorrin2 => cobinamide	Previous algorithm: distinct-gene set coverage	IS	Clade 1	Canonical AioA-associated	1	4	0	0	1	4	0	0	0	0	0	unchanged; dual-copy MAG absent from this cell
Vitamin B12	Cobalamin biosynthesis, precorrin2 => cobinamide	Previous algorithm: distinct-gene set coverage	IS	Clade 2	Unknown/uncertain DMSOR	5	0	0	0	5	0	0	0	0	0	0	unchanged; dual-copy MAG absent from this cell
Vitamin B12	Cobalamin biosynthesis, precorrin2 => cobinamide	Previous algorithm: distinct-gene set coverage	IS	Clade 3	IdrA-associated without complete DIRM-like synteny	12	28.6666666666667	33.3333333333333	0	12	28.6666666666667	33.3333333333333	0	0	0	0	unchanged; dual-copy MAG absent from this cell
Vitamin B12	Cobalamin biosynthesis, precorrin2 => cobinamide	Previous algorithm: distinct-gene set coverage	IS	Clade 4	IdrA-associated with DIRM-like synteny	20	48.8	75	0	20	48.8	75	0	0	0	0	unchanged; dual-copy MAG absent from this cell
Vitamin B12	Cobalamin biosynthesis, precorrin2 => cobinamide	Previous algorithm: distinct-gene set coverage	AS	Clade 1	Canonical AioA-associated	1	8	0	0	0	NA	NA	NA	NA	NA	NA	cell becomes empty; original n=1 was descriptive only
Vitamin B12	Cobalamin biosynthesis, precorrin2 => cobinamide	Previous algorithm: distinct-gene set coverage	AS	Clade 2	Unknown/uncertain DMSOR	1	0	0	0	1	0	0	0	0	0	0	unchanged; dual-copy MAG absent from this cell
Vitamin B12	Cobalamin biosynthesis, precorrin2 => cobinamide	Previous algorithm: distinct-gene set coverage	AS	Clade 3	IdrA-associated without complete DIRM-like synteny	1	8	0	0	0	NA	NA	NA	NA	NA	NA	cell becomes empty; original n=1 was descriptive only
Vitamin B12	Cobalamin biosynthesis, precorrin2 => cobinamide	Previous algorithm: distinct-gene set coverage	ES	Clade 3	IdrA-associated without complete DIRM-like synteny	6	13.3333333333333	0	0	6	13.3333333333333	0	0	0	0	0	unchanged; dual-copy MAG absent from this cell
Vitamin B12	Cobalamin biosynthesis, precorrin2 => cobinamide	Previous algorithm: distinct-gene set coverage	NS	Clade 1	Canonical AioA-associated	1	4	0	0	1	4	0	0	0	0	0	unchanged; dual-copy MAG absent from this cell
Vitamin B12	Cobalamin biosynthesis, precorrin2 => cobinamide	Previous algorithm: distinct-gene set coverage	NS	Clade 2	Unknown/uncertain DMSOR	1	0	0	0	1	0	0	0	0	0	0	unchanged; dual-copy MAG absent from this cell
Vitamin B12	Cobalamin salvage	Previous algorithm: distinct-gene set coverage	IS	Clade 1	Canonical AioA-associated	1	25	0	0	1	25	0	0	0	0	0	unchanged; dual-copy MAG absent from this cell
Vitamin B12	Cobalamin salvage	Previous algorithm: distinct-gene set coverage	IS	Clade 2	Unknown/uncertain DMSOR	5	0	0	0	5	0	0	0	0	0	0	unchanged; dual-copy MAG absent from this cell
Vitamin B12	Cobalamin salvage	Previous algorithm: distinct-gene set coverage	IS	Clade 3	IdrA-associated without complete DIRM-like synteny	12	6.25	0	0	12	6.25	0	0	0	0	0	unchanged; dual-copy MAG absent from this cell
Vitamin B12	Cobalamin salvage	Previous algorithm: distinct-gene set coverage	IS	Clade 4	IdrA-associated with DIRM-like synteny	20	0	0	0	20	0	0	0	0	0	0	unchanged; dual-copy MAG absent from this cell
Vitamin B12	Cobalamin salvage	Previous algorithm: distinct-gene set coverage	AS	Clade 1	Canonical AioA-associated	1	0	0	0	0	NA	NA	NA	NA	NA	NA	cell becomes empty; original n=1 was descriptive only
Vitamin B12	Cobalamin salvage	Previous algorithm: distinct-gene set coverage	AS	Clade 2	Unknown/uncertain DMSOR	1	0	0	0	1	0	0	0	0	0	0	unchanged; dual-copy MAG absent from this cell
Vitamin B12	Cobalamin salvage	Previous algorithm: distinct-gene set coverage	AS	Clade 3	IdrA-associated without complete DIRM-like synteny	1	0	0	0	0	NA	NA	NA	NA	NA	NA	cell becomes empty; original n=1 was descriptive only
Vitamin B12	Cobalamin salvage	Previous algorithm: distinct-gene set coverage	ES	Clade 3	IdrA-associated without complete DIRM-like synteny	6	4.16666666666667	0	0	6	4.16666666666667	0	0	0	0	0	unchanged; dual-copy MAG absent from this cell
Vitamin B12	Cobalamin salvage	Previous algorithm: distinct-gene set coverage	NS	Clade 1	Canonical AioA-associated	1	25	0	0	1	25	0	0	0	0	0	unchanged; dual-copy MAG absent from this cell
Vitamin B12	Cobalamin salvage	Previous algorithm: distinct-gene set coverage	NS	Clade 2	Unknown/uncertain DMSOR	1	0	0	0	1	0	0	0	0	0	0	unchanged; dual-copy MAG absent from this cell
Vitamin B12	Vitamin B12 transport system	Previous algorithm: distinct-gene set coverage	IS	Clade 1	Canonical AioA-associated	1	0	0	0	1	0	0	0	0	0	0	unchanged; dual-copy MAG absent from this cell
Vitamin B12	Vitamin B12 transport system	Previous algorithm: distinct-gene set coverage	IS	Clade 2	Unknown/uncertain DMSOR	5	0	0	0	5	0	0	0	0	0	0	unchanged; dual-copy MAG absent from this cell
Vitamin B12	Vitamin B12 transport system	Previous algorithm: distinct-gene set coverage	IS	Clade 3	IdrA-associated without complete DIRM-like synteny	12	0	0	0	12	0	0	0	0	0	0	unchanged; dual-copy MAG absent from this cell
Vitamin B12	Vitamin B12 transport system	Previous algorithm: distinct-gene set coverage	IS	Clade 4	IdrA-associated with DIRM-like synteny	20	0	0	0	20	0	0	0	0	0	0	unchanged; dual-copy MAG absent from this cell
Vitamin B12	Vitamin B12 transport system	Previous algorithm: distinct-gene set coverage	AS	Clade 1	Canonical AioA-associated	1	0	0	0	0	NA	NA	NA	NA	NA	NA	cell becomes empty; original n=1 was descriptive only
Vitamin B12	Vitamin B12 transport system	Previous algorithm: distinct-gene set coverage	AS	Clade 2	Unknown/uncertain DMSOR	1	0	0	0	1	0	0	0	0	0	0	unchanged; dual-copy MAG absent from this cell
Vitamin B12	Vitamin B12 transport system	Previous algorithm: distinct-gene set coverage	AS	Clade 3	IdrA-associated without complete DIRM-like synteny	1	0	0	0	0	NA	NA	NA	NA	NA	NA	cell becomes empty; original n=1 was descriptive only
Vitamin B12	Vitamin B12 transport system	Previous algorithm: distinct-gene set coverage	ES	Clade 3	IdrA-associated without complete DIRM-like synteny	6	0	0	0	6	0	0	0	0	0	0	unchanged; dual-copy MAG absent from this cell
Vitamin B12	Vitamin B12 transport system	Previous algorithm: distinct-gene set coverage	NS	Clade 1	Canonical AioA-associated	1	0	0	0	1	0	0	0	0	0	0	unchanged; dual-copy MAG absent from this cell
Vitamin B12	Vitamin B12 transport system	Previous algorithm: distinct-gene set coverage	NS	Clade 2	Unknown/uncertain DMSOR	1	0	0	0	1	0	0	0	0	0	0	unchanged; dual-copy MAG absent from this cell
