source_sheet	research_category	feature_name	gene_id
N	Carbon	Acetyl-CoA pathway, CO2 => acetyl-CoA	K00192
N	Carbon	Acetyl-CoA pathway, CO2 => acetyl-CoA	K00193
N	Carbon	Acetyl-CoA pathway, CO2 => acetyl-CoA	K00194
N	Carbon	Acetyl-CoA pathway, CO2 => acetyl-CoA	K00195
N	Carbon	Acetyl-CoA pathway, CO2 => acetyl-CoA	K00197
carbon utilization	Carbon	Citrate cycle (TCA cycle, Krebs cycle)	K00024
carbon utilization	Carbon	Citrate cycle (TCA cycle, Krebs cycle)	K00025
carbon utilization	Carbon	Citrate cycle (TCA cycle, Krebs cycle)	K00026
carbon utilization	Carbon	Citrate cycle (TCA cycle, Krebs cycle)	K00030
carbon utilization	Carbon	Citrate cycle (TCA cycle, Krebs cycle)	K00031
carbon utilization	Carbon	Citrate cycle (TCA cycle, Krebs cycle)	K00116
carbon utilization	Carbon	Citrate cycle (TCA cycle, Krebs cycle)	K00164
carbon utilization	Carbon	Citrate cycle (TCA cycle, Krebs cycle)	K00174
carbon utilization	Carbon	Citrate cycle (TCA cycle, Krebs cycle)	K00175
carbon utilization	Carbon	Citrate cycle (TCA cycle, Krebs cycle)	K00176
carbon utilization	Carbon	Citrate cycle (TCA cycle, Krebs cycle)	K00177
carbon utilization	Carbon	Citrate cycle (TCA cycle, Krebs cycle)	K00234
carbon utilization	Carbon	Citrate cycle (TCA cycle, Krebs cycle)	K00235
carbon utilization	Carbon	Citrate cycle (TCA cycle, Krebs cycle)	K00236
carbon utilization	Carbon	Citrate cycle (TCA cycle, Krebs cycle)	K00237
carbon utilization	Carbon	Citrate cycle (TCA cycle, Krebs cycle)	K00239
carbon utilization	Carbon	Citrate cycle (TCA cycle, Krebs cycle)	K00240
carbon utilization	Carbon	Citrate cycle (TCA cycle, Krebs cycle)	K00241
carbon utilization	Carbon	Citrate cycle (TCA cycle, Krebs cycle)	K00242
carbon utilization	Carbon	Citrate cycle (TCA cycle, Krebs cycle)	K00244
carbon utilization	Carbon	Citrate cycle (TCA cycle, Krebs cycle)	K00245
carbon utilization	Carbon	Citrate cycle (TCA cycle, Krebs cycle)	K00246
carbon utilization	Carbon	Citrate cycle (TCA cycle, Krebs cycle)	K00247
carbon utilization	Carbon	Citrate cycle (TCA cycle, Krebs cycle)	K00382
carbon utilization	Carbon	Citrate cycle (TCA cycle, Krebs cycle)	K00658
carbon utilization	Carbon	Citrate cycle (TCA cycle, Krebs cycle)	K01647
carbon utilization	Carbon	Citrate cycle (TCA cycle, Krebs cycle)	K01676
carbon utilization	Carbon	Citrate cycle (TCA cycle, Krebs cycle)	K01677
carbon utilization	Carbon	Citrate cycle (TCA cycle, Krebs cycle)	K01678
carbon utilization	Carbon	Citrate cycle (TCA cycle, Krebs cycle)	K01679
carbon utilization	Carbon	Citrate cycle (TCA cycle, Krebs cycle)	K01681
carbon utilization	Carbon	Citrate cycle (TCA cycle, Krebs cycle)	K01682
carbon utilization	Carbon	Citrate cycle (TCA cycle, Krebs cycle)	K01899
carbon utilization	Carbon	Citrate cycle (TCA cycle, Krebs cycle)	K01900
carbon utilization	Carbon	Citrate cycle (TCA cycle, Krebs cycle)	K01902
carbon utilization	Carbon	Citrate cycle (TCA cycle, Krebs cycle)	K01903
carbon utilization	Carbon	Citrate cycle (TCA cycle, Krebs cycle)	K05942
carbon utilization	Carbon	Citrate cycle (TCA cycle, Krebs cycle)	K18118
carbon utilization	Carbon	Citrate cycle (TCA cycle, Krebs cycle)	K18859
carbon utilization	Carbon	Citrate cycle (TCA cycle, Krebs cycle)	K18860
carbon utilization	Carbon	Citrate cycle, first carbon oxidation, oxaloacetate => 2-oxoglutarate	K00030
carbon utilization	Carbon	Citrate cycle, first carbon oxidation, oxaloacetate => 2-oxoglutarate	K00031
carbon utilization	Carbon	Citrate cycle, first carbon oxidation, oxaloacetate => 2-oxoglutarate	K01647
carbon utilization	Carbon	Citrate cycle, first carbon oxidation, oxaloacetate => 2-oxoglutarate	K01681
carbon utilization	Carbon	Citrate cycle, first carbon oxidation, oxaloacetate => 2-oxoglutarate	K01682
carbon utilization	Carbon	Citrate cycle, first carbon oxidation, oxaloacetate => 2-oxoglutarate	K05942
carbon utilization	Carbon	Citrate cycle, second carbon oxidation, 2-oxoglutarate => oxaloacetate	K00024
carbon utilization	Carbon	Citrate cycle, second carbon oxidation, 2-oxoglutarate => oxaloacetate	K00025
carbon utilization	Carbon	Citrate cycle, second carbon oxidation, 2-oxoglutarate => oxaloacetate	K00026
carbon utilization	Carbon	Citrate cycle, second carbon oxidation, 2-oxoglutarate => oxaloacetate	K00116
carbon utilization	Carbon	Citrate cycle, second carbon oxidation, 2-oxoglutarate => oxaloacetate	K00164
carbon utilization	Carbon	Citrate cycle, second carbon oxidation, 2-oxoglutarate => oxaloacetate	K00174
carbon utilization	Carbon	Citrate cycle, second carbon oxidation, 2-oxoglutarate => oxaloacetate	K00175
carbon utilization	Carbon	Citrate cycle, second carbon oxidation, 2-oxoglutarate => oxaloacetate	K00176
carbon utilization	Carbon	Citrate cycle, second carbon oxidation, 2-oxoglutarate => oxaloacetate	K00177
carbon utilization	Carbon	Citrate cycle, second carbon oxidation, 2-oxoglutarate => oxaloacetate	K00234
carbon utilization	Carbon	Citrate cycle, second carbon oxidation, 2-oxoglutarate => oxaloacetate	K00235
carbon utilization	Carbon	Citrate cycle, second carbon oxidation, 2-oxoglutarate => oxaloacetate	K00236
carbon utilization	Carbon	Citrate cycle, second carbon oxidation, 2-oxoglutarate => oxaloacetate	K00237
carbon utilization	Carbon	Citrate cycle, second carbon oxidation, 2-oxoglutarate => oxaloacetate	K00239
carbon utilization	Carbon	Citrate cycle, second carbon oxidation, 2-oxoglutarate => oxaloacetate	K00240
carbon utilization	Carbon	Citrate cycle, second carbon oxidation, 2-oxoglutarate => oxaloacetate	K00241
carbon utilization	Carbon	Citrate cycle, second carbon oxidation, 2-oxoglutarate => oxaloacetate	K00242
carbon utilization	Carbon	Citrate cycle, second carbon oxidation, 2-oxoglutarate => oxaloacetate	K00244
carbon utilization	Carbon	Citrate cycle, second carbon oxidation, 2-oxoglutarate => oxaloacetate	K00245
carbon utilization	Carbon	Citrate cycle, second carbon oxidation, 2-oxoglutarate => oxaloacetate	K00246
carbon utilization	Carbon	Citrate cycle, second carbon oxidation, 2-oxoglutarate => oxaloacetate	K00247
carbon utilization	Carbon	Citrate cycle, second carbon oxidation, 2-oxoglutarate => oxaloacetate	K00382
carbon utilization	Carbon	Citrate cycle, second carbon oxidation, 2-oxoglutarate => oxaloacetate	K00658
carbon utilization	Carbon	Citrate cycle, second carbon oxidation, 2-oxoglutarate => oxaloacetate	K01676
carbon utilization	Carbon	Citrate cycle, second carbon oxidation, 2-oxoglutarate => oxaloacetate	K01677
carbon utilization	Carbon	Citrate cycle, second carbon oxidation, 2-oxoglutarate => oxaloacetate	K01678
carbon utilization	Carbon	Citrate cycle, second carbon oxidation, 2-oxoglutarate => oxaloacetate	K01679
carbon utilization	Carbon	Citrate cycle, second carbon oxidation, 2-oxoglutarate => oxaloacetate	K01899
carbon utilization	Carbon	Citrate cycle, second carbon oxidation, 2-oxoglutarate => oxaloacetate	K01900
carbon utilization	Carbon	Citrate cycle, second carbon oxidation, 2-oxoglutarate => oxaloacetate	K01902
carbon utilization	Carbon	Citrate cycle, second carbon oxidation, 2-oxoglutarate => oxaloacetate	K01903
carbon utilization	Carbon	Citrate cycle, second carbon oxidation, 2-oxoglutarate => oxaloacetate	K18118
carbon utilization	Carbon	Citrate cycle, second carbon oxidation, 2-oxoglutarate => oxaloacetate	K18859
carbon utilization	Carbon	Citrate cycle, second carbon oxidation, 2-oxoglutarate => oxaloacetate	K18860
carbon utilization	Carbon	Glycolysis (Embden-Meyerhof pathway), glucose => pyruvate	K00134
carbon utilization	Carbon	Glycolysis (Embden-Meyerhof pathway), glucose => pyruvate	K00150
carbon utilization	Carbon	Glycolysis (Embden-Meyerhof pathway), glucose => pyruvate	K00844
carbon utilization	Carbon	Glycolysis (Embden-Meyerhof pathway), glucose => pyruvate	K00845
carbon utilization	Carbon	Glycolysis (Embden-Meyerhof pathway), glucose => pyruvate	K00850
carbon utilization	Carbon	Glycolysis (Embden-Meyerhof pathway), glucose => pyruvate	K00873
carbon utilization	Carbon	Glycolysis (Embden-Meyerhof pathway), glucose => pyruvate	K00886
carbon utilization	Carbon	Glycolysis (Embden-Meyerhof pathway), glucose => pyruvate	K00918
carbon utilization	Carbon	Glycolysis (Embden-Meyerhof pathway), glucose => pyruvate	K00927
carbon utilization	Carbon	Glycolysis (Embden-Meyerhof pathway), glucose => pyruvate	K01623
carbon utilization	Carbon	Glycolysis (Embden-Meyerhof pathway), glucose => pyruvate	K01624
carbon utilization	Carbon	Glycolysis (Embden-Meyerhof pathway), glucose => pyruvate	K01689
carbon utilization	Carbon	Glycolysis (Embden-Meyerhof pathway), glucose => pyruvate	K01803
carbon utilization	Carbon	Glycolysis (Embden-Meyerhof pathway), glucose => pyruvate	K01810
carbon utilization	Carbon	Glycolysis (Embden-Meyerhof pathway), glucose => pyruvate	K01834
carbon utilization	Carbon	Glycolysis (Embden-Meyerhof pathway), glucose => pyruvate	K06859
carbon utilization	Carbon	Glycolysis (Embden-Meyerhof pathway), glucose => pyruvate	K08074
carbon utilization	Carbon	Glycolysis (Embden-Meyerhof pathway), glucose => pyruvate	K11389
carbon utilization	Carbon	Glycolysis (Embden-Meyerhof pathway), glucose => pyruvate	K11645
carbon utilization	Carbon	Glycolysis (Embden-Meyerhof pathway), glucose => pyruvate	K12406
carbon utilization	Carbon	Glycolysis (Embden-Meyerhof pathway), glucose => pyruvate	K12407
carbon utilization	Carbon	Glycolysis (Embden-Meyerhof pathway), glucose => pyruvate	K13810
carbon utilization	Carbon	Glycolysis (Embden-Meyerhof pathway), glucose => pyruvate	K15633
carbon utilization	Carbon	Glycolysis (Embden-Meyerhof pathway), glucose => pyruvate	K15634
carbon utilization	Carbon	Glycolysis (Embden-Meyerhof pathway), glucose => pyruvate	K15635
carbon utilization	Carbon	Glycolysis (Embden-Meyerhof pathway), glucose => pyruvate	K15916
carbon utilization	Carbon	Glycolysis (Embden-Meyerhof pathway), glucose => pyruvate	K16305
carbon utilization	Carbon	Glycolysis (Embden-Meyerhof pathway), glucose => pyruvate	K16306
carbon utilization	Carbon	Glycolysis (Embden-Meyerhof pathway), glucose => pyruvate	K16370
carbon utilization	Carbon	Glycolysis, core module involving three-carbon compounds	K00134
carbon utilization	Carbon	Glycolysis, core module involving three-carbon compounds	K00150
carbon utilization	Carbon	Glycolysis, core module involving three-carbon compounds	K00873
carbon utilization	Carbon	Glycolysis, core module involving three-carbon compounds	K00927
carbon utilization	Carbon	Glycolysis, core module involving three-carbon compounds	K01689
carbon utilization	Carbon	Glycolysis, core module involving three-carbon compounds	K01803
carbon utilization	Carbon	Glycolysis, core module involving three-carbon compounds	K01834
carbon utilization	Carbon	Glycolysis, core module involving three-carbon compounds	K11389
carbon utilization	Carbon	Glycolysis, core module involving three-carbon compounds	K12406
carbon utilization	Carbon	Glycolysis, core module involving three-carbon compounds	K15633
carbon utilization	Carbon	Glycolysis, core module involving three-carbon compounds	K15634
carbon utilization	Carbon	Glycolysis, core module involving three-carbon compounds	K15635
carbon utilization	Carbon	Incomplete reductive citrate cycle, acetyl-CoA => oxoglutarate	K00024
carbon utilization	Carbon	Incomplete reductive citrate cycle, acetyl-CoA => oxoglutarate	K00169
carbon utilization	Carbon	Incomplete reductive citrate cycle, acetyl-CoA => oxoglutarate	K00170
carbon utilization	Carbon	Incomplete reductive citrate cycle, acetyl-CoA => oxoglutarate	K00171
carbon utilization	Carbon	Incomplete reductive citrate cycle, acetyl-CoA => oxoglutarate	K00172
carbon utilization	Carbon	Incomplete reductive citrate cycle, acetyl-CoA => oxoglutarate	K00174
carbon utilization	Carbon	Incomplete reductive citrate cycle, acetyl-CoA => oxoglutarate	K00175
carbon utilization	Carbon	Incomplete reductive citrate cycle, acetyl-CoA => oxoglutarate	K00176
carbon utilization	Carbon	Incomplete reductive citrate cycle, acetyl-CoA => oxoglutarate	K00177
carbon utilization	Carbon	Incomplete reductive citrate cycle, acetyl-CoA => oxoglutarate	K01677
carbon utilization	Carbon	Incomplete reductive citrate cycle, acetyl-CoA => oxoglutarate	K01678
carbon utilization	Carbon	Incomplete reductive citrate cycle, acetyl-CoA => oxoglutarate	K01902
carbon utilization	Carbon	Incomplete reductive citrate cycle, acetyl-CoA => oxoglutarate	K01903
carbon utilization	Carbon	Incomplete reductive citrate cycle, acetyl-CoA => oxoglutarate	K01959
carbon utilization	Carbon	Incomplete reductive citrate cycle, acetyl-CoA => oxoglutarate	K01960
carbon utilization	Carbon	Incomplete reductive citrate cycle, acetyl-CoA => oxoglutarate	K18209
carbon utilization	Carbon	Incomplete reductive citrate cycle, acetyl-CoA => oxoglutarate	K18210
N	Carbon	Methane oxidation, methanotroph, methane => formaldehyde	K10944
N	Carbon	Methane oxidation, methanotroph, methane => formaldehyde	K10945
N	Carbon	Methane oxidation, methanotroph, methane => formaldehyde	K10946
N	Carbon	Methane oxidation, methanotroph, methane => formaldehyde	K14028
N	Carbon	Methane oxidation, methanotroph, methane => formaldehyde	K14029
N	Carbon	Methane oxidation, methanotroph, methane => formaldehyde	K16157
N	Carbon	Methane oxidation, methanotroph, methane => formaldehyde	K16158
N	Carbon	Methane oxidation, methanotroph, methane => formaldehyde	K16159
N	Carbon	Methane oxidation, methanotroph, methane => formaldehyde	K16160
N	Carbon	Methane oxidation, methanotroph, methane => formaldehyde	K16161
N	Carbon	Methane oxidation, methanotroph, methane => formaldehyde	K16162
N	Carbon	Methane oxidation, methanotroph, methane => formaldehyde	K17066
N	Carbon	Methanogenesis, CO2 => methane	K00125
N	Carbon	Methanogenesis, CO2 => methane	K00200
N	Carbon	Methanogenesis, CO2 => methane	K00201
N	Carbon	Methanogenesis, CO2 => methane	K00202
N	Carbon	Methanogenesis, CO2 => methane	K00203
N	Carbon	Methanogenesis, CO2 => methane	K00204
N	Carbon	Methanogenesis, CO2 => methane	K00205
N	Carbon	Methanogenesis, CO2 => methane	K00319
N	Carbon	Methanogenesis, CO2 => methane	K00320
N	Carbon	Methanogenesis, CO2 => methane	K00399
N	Carbon	Methanogenesis, CO2 => methane	K00401
N	Carbon	Methanogenesis, CO2 => methane	K00402
N	Carbon	Methanogenesis, CO2 => methane	K00577
N	Carbon	Methanogenesis, CO2 => methane	K00578
N	Carbon	Methanogenesis, CO2 => methane	K00579
N	Carbon	Methanogenesis, CO2 => methane	K00580
N	Carbon	Methanogenesis, CO2 => methane	K00581
N	Carbon	Methanogenesis, CO2 => methane	K00582
N	Carbon	Methanogenesis, CO2 => methane	K00583
N	Carbon	Methanogenesis, CO2 => methane	K00584
N	Carbon	Methanogenesis, CO2 => methane	K00672
N	Carbon	Methanogenesis, CO2 => methane	K01499
N	Carbon	Methanogenesis, CO2 => methane	K03388
N	Carbon	Methanogenesis, CO2 => methane	K03389
N	Carbon	Methanogenesis, CO2 => methane	K03390
N	Carbon	Methanogenesis, CO2 => methane	K08264
N	Carbon	Methanogenesis, CO2 => methane	K08265
N	Carbon	Methanogenesis, CO2 => methane	K11260
N	Carbon	Methanogenesis, CO2 => methane	K11261
N	Carbon	Methanogenesis, CO2 => methane	K13942
N	Carbon	Methanogenesis, CO2 => methane	K14126
N	Carbon	Methanogenesis, CO2 => methane	K14127
N	Carbon	Methanogenesis, CO2 => methane	K14128
N	Carbon	Methanogenesis, CO2 => methane	K22480
N	Carbon	Methanogenesis, CO2 => methane	K22481
N	Carbon	Methanogenesis, CO2 => methane	K22482
N	Carbon	Methanogenesis, CO2 => methane	K22516
N	Carbon	Methanogenesis, acetate => methane	K00125
N	Carbon	Methanogenesis, acetate => methane	K00193
N	Carbon	Methanogenesis, acetate => methane	K00194
N	Carbon	Methanogenesis, acetate => methane	K00197
N	Carbon	Methanogenesis, acetate => methane	K00399
N	Carbon	Methanogenesis, acetate => methane	K00401
N	Carbon	Methanogenesis, acetate => methane	K00402
N	Carbon	Methanogenesis, acetate => methane	K00577
N	Carbon	Methanogenesis, acetate => methane	K00578
N	Carbon	Methanogenesis, acetate => methane	K00579
N	Carbon	Methanogenesis, acetate => methane	K00580
N	Carbon	Methanogenesis, acetate => methane	K00581
N	Carbon	Methanogenesis, acetate => methane	K00582
N	Carbon	Methanogenesis, acetate => methane	K00583
N	Carbon	Methanogenesis, acetate => methane	K00584
N	Carbon	Methanogenesis, acetate => methane	K00625
N	Carbon	Methanogenesis, acetate => methane	K00925
N	Carbon	Methanogenesis, acetate => methane	K01895
N	Carbon	Methanogenesis, acetate => methane	K03388
N	Carbon	Methanogenesis, acetate => methane	K03389
N	Carbon	Methanogenesis, acetate => methane	K03390
N	Carbon	Methanogenesis, acetate => methane	K08264
N	Carbon	Methanogenesis, acetate => methane	K08265
N	Carbon	Methanogenesis, acetate => methane	K13788
N	Carbon	Methanogenesis, acetate => methane	K14126
N	Carbon	Methanogenesis, acetate => methane	K14127
N	Carbon	Methanogenesis, acetate => methane	K14128
N	Carbon	Methanogenesis, acetate => methane	K22480
N	Carbon	Methanogenesis, acetate => methane	K22481
N	Carbon	Methanogenesis, acetate => methane	K22482
N	Carbon	Methanogenesis, acetate => methane	K22516
N	Carbon	Methanogenesis, methanethiol => methane	K16954
N	Carbon	Methanogenesis, methanol => methane	K00125
N	Carbon	Methanogenesis, methanol => methane	K00399
N	Carbon	Methanogenesis, methanol => methane	K00401
N	Carbon	Methanogenesis, methanol => methane	K00402
N	Carbon	Methanogenesis, methanol => methane	K03388
N	Carbon	Methanogenesis, methanol => methane	K03389
N	Carbon	Methanogenesis, methanol => methane	K03390
N	Carbon	Methanogenesis, methanol => methane	K04480
N	Carbon	Methanogenesis, methanol => methane	K08264
N	Carbon	Methanogenesis, methanol => methane	K08265
N	Carbon	Methanogenesis, methanol => methane	K14080
N	Carbon	Methanogenesis, methanol => methane	K14081
N	Carbon	Methanogenesis, methanol => methane	K14126
N	Carbon	Methanogenesis, methanol => methane	K14127
N	Carbon	Methanogenesis, methanol => methane	K14128
N	Carbon	Methanogenesis, methanol => methane	K22480
N	Carbon	Methanogenesis, methanol => methane	K22481
N	Carbon	Methanogenesis, methanol => methane	K22482
N	Carbon	Methanogenesis, methanol => methane	K22516
N	Carbon	Methanogenesis, methylamine/dimethylamine/trimethylamine => methane	K00125
N	Carbon	Methanogenesis, methylamine/dimethylamine/trimethylamine => methane	K00399
N	Carbon	Methanogenesis, methylamine/dimethylamine/trimethylamine => methane	K00401
N	Carbon	Methanogenesis, methylamine/dimethylamine/trimethylamine => methane	K00402
N	Carbon	Methanogenesis, methylamine/dimethylamine/trimethylamine => methane	K03388
N	Carbon	Methanogenesis, methylamine/dimethylamine/trimethylamine => methane	K03389
N	Carbon	Methanogenesis, methylamine/dimethylamine/trimethylamine => methane	K03390
N	Carbon	Methanogenesis, methylamine/dimethylamine/trimethylamine => methane	K08264
N	Carbon	Methanogenesis, methylamine/dimethylamine/trimethylamine => methane	K08265
N	Carbon	Methanogenesis, methylamine/dimethylamine/trimethylamine => methane	K14082
N	Carbon	Methanogenesis, methylamine/dimethylamine/trimethylamine => methane	K14083
N	Carbon	Methanogenesis, methylamine/dimethylamine/trimethylamine => methane	K14084
N	Carbon	Methanogenesis, methylamine/dimethylamine/trimethylamine => methane	K14126
N	Carbon	Methanogenesis, methylamine/dimethylamine/trimethylamine => methane	K14127
N	Carbon	Methanogenesis, methylamine/dimethylamine/trimethylamine => methane	K14128
N	Carbon	Methanogenesis, methylamine/dimethylamine/trimethylamine => methane	K16176
N	Carbon	Methanogenesis, methylamine/dimethylamine/trimethylamine => methane	K16177
N	Carbon	Methanogenesis, methylamine/dimethylamine/trimethylamine => methane	K16178
N	Carbon	Methanogenesis, methylamine/dimethylamine/trimethylamine => methane	K16179
N	Carbon	Methanogenesis, methylamine/dimethylamine/trimethylamine => methane	K22480
N	Carbon	Methanogenesis, methylamine/dimethylamine/trimethylamine => methane	K22481
N	Carbon	Methanogenesis, methylamine/dimethylamine/trimethylamine => methane	K22482
N	Carbon	Methanogenesis, methylamine/dimethylamine/trimethylamine => methane	K22516
carbon utilization	Carbon	Pyruvate oxidation, pyruvate => acetyl-CoA	K00161
carbon utilization	Carbon	Pyruvate oxidation, pyruvate => acetyl-CoA	K00162
carbon utilization	Carbon	Pyruvate oxidation, pyruvate => acetyl-CoA	K00163
carbon utilization	Carbon	Pyruvate oxidation, pyruvate => acetyl-CoA	K00169
carbon utilization	Carbon	Pyruvate oxidation, pyruvate => acetyl-CoA	K00170
carbon utilization	Carbon	Pyruvate oxidation, pyruvate => acetyl-CoA	K00171
carbon utilization	Carbon	Pyruvate oxidation, pyruvate => acetyl-CoA	K00172
carbon utilization	Carbon	Pyruvate oxidation, pyruvate => acetyl-CoA	K00382
carbon utilization	Carbon	Pyruvate oxidation, pyruvate => acetyl-CoA	K00627
carbon utilization	Carbon	Pyruvate oxidation, pyruvate => acetyl-CoA	K03737
carbon utilization	Carbon	Pyruvate oxidation, pyruvate => acetyl-CoA	K13997
N	Carbon	Reductive acetyl-CoA pathway (Wood-Ljungdahl pathway)	K00194
N	Carbon	Reductive acetyl-CoA pathway (Wood-Ljungdahl pathway)	K00197
N	Carbon	Reductive acetyl-CoA pathway (Wood-Ljungdahl pathway)	K00198
N	Carbon	Reductive acetyl-CoA pathway (Wood-Ljungdahl pathway)	K00297
N	Carbon	Reductive acetyl-CoA pathway (Wood-Ljungdahl pathway)	K01491
N	Carbon	Reductive acetyl-CoA pathway (Wood-Ljungdahl pathway)	K01938
N	Carbon	Reductive acetyl-CoA pathway (Wood-Ljungdahl pathway)	K05299
N	Carbon	Reductive acetyl-CoA pathway (Wood-Ljungdahl pathway)	K14138
N	Carbon	Reductive acetyl-CoA pathway (Wood-Ljungdahl pathway)	K15022
N	Carbon	Reductive acetyl-CoA pathway (Wood-Ljungdahl pathway)	K15023
N	Carbon	Reductive citrate cycle (Arnon-Buchanan cycle)	K00024
N	Carbon	Reductive citrate cycle (Arnon-Buchanan cycle)	K00031
N	Carbon	Reductive citrate cycle (Arnon-Buchanan cycle)	K00169
N	Carbon	Reductive citrate cycle (Arnon-Buchanan cycle)	K00170
N	Carbon	Reductive citrate cycle (Arnon-Buchanan cycle)	K00171
N	Carbon	Reductive citrate cycle (Arnon-Buchanan cycle)	K00172
N	Carbon	Reductive citrate cycle (Arnon-Buchanan cycle)	K00174
N	Carbon	Reductive citrate cycle (Arnon-Buchanan cycle)	K00175
N	Carbon	Reductive citrate cycle (Arnon-Buchanan cycle)	K00176
N	Carbon	Reductive citrate cycle (Arnon-Buchanan cycle)	K00177
N	Carbon	Reductive citrate cycle (Arnon-Buchanan cycle)	K00239
N	Carbon	Reductive citrate cycle (Arnon-Buchanan cycle)	K00240
N	Carbon	Reductive citrate cycle (Arnon-Buchanan cycle)	K00241
N	Carbon	Reductive citrate cycle (Arnon-Buchanan cycle)	K00242
N	Carbon	Reductive citrate cycle (Arnon-Buchanan cycle)	K00244
N	Carbon	Reductive citrate cycle (Arnon-Buchanan cycle)	K00245
N	Carbon	Reductive citrate cycle (Arnon-Buchanan cycle)	K00246
N	Carbon	Reductive citrate cycle (Arnon-Buchanan cycle)	K00247
N	Carbon	Reductive citrate cycle (Arnon-Buchanan cycle)	K01006
N	Carbon	Reductive citrate cycle (Arnon-Buchanan cycle)	K01007
N	Carbon	Reductive citrate cycle (Arnon-Buchanan cycle)	K01595
N	Carbon	Reductive citrate cycle (Arnon-Buchanan cycle)	K01676
N	Carbon	Reductive citrate cycle (Arnon-Buchanan cycle)	K01677
N	Carbon	Reductive citrate cycle (Arnon-Buchanan cycle)	K01678
N	Carbon	Reductive citrate cycle (Arnon-Buchanan cycle)	K01679
N	Carbon	Reductive citrate cycle (Arnon-Buchanan cycle)	K01681
N	Carbon	Reductive citrate cycle (Arnon-Buchanan cycle)	K01682
N	Carbon	Reductive citrate cycle (Arnon-Buchanan cycle)	K01902
N	Carbon	Reductive citrate cycle (Arnon-Buchanan cycle)	K01903
N	Carbon	Reductive citrate cycle (Arnon-Buchanan cycle)	K01958
N	Carbon	Reductive citrate cycle (Arnon-Buchanan cycle)	K01959
N	Carbon	Reductive citrate cycle (Arnon-Buchanan cycle)	K01960
N	Carbon	Reductive citrate cycle (Arnon-Buchanan cycle)	K03737
N	Carbon	Reductive citrate cycle (Arnon-Buchanan cycle)	K15230
N	Carbon	Reductive citrate cycle (Arnon-Buchanan cycle)	K15231
N	Carbon	Reductive citrate cycle (Arnon-Buchanan cycle)	K15232
N	Carbon	Reductive citrate cycle (Arnon-Buchanan cycle)	K15233
N	Carbon	Reductive citrate cycle (Arnon-Buchanan cycle)	K15234
N	Carbon	Reductive citrate cycle (Arnon-Buchanan cycle)	K18556
N	Carbon	Reductive citrate cycle (Arnon-Buchanan cycle)	K18557
N	Carbon	Reductive citrate cycle (Arnon-Buchanan cycle)	K18558
N	Carbon	Reductive citrate cycle (Arnon-Buchanan cycle)	K18559
N	Carbon	Reductive citrate cycle (Arnon-Buchanan cycle)	K18560
carbon utilization	Carbon	TCA /Reductive TCA	K00027
N	Nitrogen	Assimilatory nitrate reduction, nitrate => ammonia	K00360
N	Nitrogen	Assimilatory nitrate reduction, nitrate => ammonia	K00366
N	Nitrogen	Assimilatory nitrate reduction, nitrate => ammonia	K00367
N	Nitrogen	Assimilatory nitrate reduction, nitrate => ammonia	K00372
N	Nitrogen	Assimilatory nitrate reduction, nitrate => ammonia	K10534
N	Nitrogen	Assimilatory nitrate reduction, nitrate => ammonia	K17877
N	Nitrogen	Complete nitrification, comammox, ammonia => nitrite => nitrate	K00370
N	Nitrogen	Complete nitrification, comammox, ammonia => nitrite => nitrate	K00371
N	Nitrogen	Complete nitrification, comammox, ammonia => nitrite => nitrate	K10535
N	Nitrogen	Complete nitrification, comammox, ammonia => nitrite => nitrate	K10944
N	Nitrogen	Complete nitrification, comammox, ammonia => nitrite => nitrate	K10945
N	Nitrogen	Complete nitrification, comammox, ammonia => nitrite => nitrate	K10946
N	Nitrogen	Denitrification, nitrate => nitrogen	K00368
N	Nitrogen	Denitrification, nitrate => nitrogen	K00370
N	Nitrogen	Denitrification, nitrate => nitrogen	K00371
N	Nitrogen	Denitrification, nitrate => nitrogen	K00374
N	Nitrogen	Denitrification, nitrate => nitrogen	K00376
N	Nitrogen	Denitrification, nitrate => nitrogen	K02305
N	Nitrogen	Denitrification, nitrate => nitrogen	K02567
N	Nitrogen	Denitrification, nitrate => nitrogen	K02568
N	Nitrogen	Denitrification, nitrate => nitrogen	K04561
N	Nitrogen	Denitrification, nitrate => nitrogen	K15864
N	Nitrogen	Denitrification, nitrate => nitrogen	K15877
N	Nitrogen	Dissimilatory nitrate reduction, nitrate => ammonia	K00362
N	Nitrogen	Dissimilatory nitrate reduction, nitrate => ammonia	K00363
N	Nitrogen	Dissimilatory nitrate reduction, nitrate => ammonia	K00370
N	Nitrogen	Dissimilatory nitrate reduction, nitrate => ammonia	K00371
N	Nitrogen	Dissimilatory nitrate reduction, nitrate => ammonia	K00374
N	Nitrogen	Dissimilatory nitrate reduction, nitrate => ammonia	K02567
N	Nitrogen	Dissimilatory nitrate reduction, nitrate => ammonia	K02568
N	Nitrogen	Dissimilatory nitrate reduction, nitrate => ammonia	K03385
N	Nitrogen	Dissimilatory nitrate reduction, nitrate => ammonia	K15876
N	Nitrogen	Nitrate assimilation	K02575
N	Nitrogen	Nitrification, ammonia => nitrite	K10535
N	Nitrogen	Nitrification, ammonia => nitrite	K10944
N	Nitrogen	Nitrification, ammonia => nitrite	K10945
N	Nitrogen	Nitrification, ammonia => nitrite	K10946
N	Nitrogen	Nitrification, ammonia => nitrite	K20932
N	Nitrogen	Nitrification, ammonia => nitrite	K20933
N	Nitrogen	Nitrification, ammonia => nitrite	K20934
N	Nitrogen	Nitrification, ammonia => nitrite	K20935
N	Nitrogen	Nitrogen fixation, nitrogen => ammonia	K00531
N	Nitrogen	Nitrogen fixation, nitrogen => ammonia	K02586
N	Nitrogen	Nitrogen fixation, nitrogen => ammonia	K02588
N	Nitrogen	Nitrogen fixation, nitrogen => ammonia	K02591
N	Nitrogen	Nitrogen fixation, nitrogen => ammonia	K22896
N	Nitrogen	Nitrogen fixation, nitrogen => ammonia	K22897
N	Nitrogen	Nitrogen fixation, nitrogen => ammonia	K22898
N	Nitrogen	Nitrogen fixation, nitrogen => ammonia	K22899
Organic Nitrogen	Nitrogen	Urea cycle	K00611
Organic Nitrogen	Nitrogen	Urea cycle	K01476
Organic Nitrogen	Nitrogen	Urea cycle	K01755
Organic Nitrogen	Nitrogen	Urea cycle	K01940
Organic Nitrogen	Nitrogen	Urea cycle	K01948
Organic Nitrogen	Nitrogen	Urea cycle	K14681
Transporters	Nitrogen	Urea transport system	K11959
Transporters	Nitrogen	Urea transport system	K11960
Transporters	Nitrogen	Urea transport system	K11961
Transporters	Nitrogen	Urea transport system	K11962
Transporters	Nitrogen	Urea transport system	K11963
N	Nitrogen	nitrite + ammonia => nitrogen	K00368
N	Nitrogen	nitrite + ammonia => nitrogen	K00370
N	Nitrogen	nitrite + ammonia => nitrogen	K00371
N	Nitrogen	nitrite + ammonia => nitrogen	K10535
N	Nitrogen	nitrite + ammonia => nitrogen	K15864
N	Nitrogen	nitrite + ammonia => nitrogen	K20932
N	Nitrogen	nitrite + ammonia => nitrogen	K20933
N	Nitrogen	nitrite + ammonia => nitrogen	K20934
N	Nitrogen	nitrite + ammonia => nitrogen	K20935
N	Sulfur	Assimilatory sulfate reduction, sulfate => H2S	K00380
N	Sulfur	Assimilatory sulfate reduction, sulfate => H2S	K00381
N	Sulfur	Assimilatory sulfate reduction, sulfate => H2S	K00390
N	Sulfur	Assimilatory sulfate reduction, sulfate => H2S	K00392
N	Sulfur	Assimilatory sulfate reduction, sulfate => H2S	K00860
N	Sulfur	Assimilatory sulfate reduction, sulfate => H2S	K00955
N	Sulfur	Assimilatory sulfate reduction, sulfate => H2S	K00956
N	Sulfur	Assimilatory sulfate reduction, sulfate => H2S	K00957
N	Sulfur	Assimilatory sulfate reduction, sulfate => H2S	K00958
N	Sulfur	Assimilatory sulfate reduction, sulfate => H2S	K13811
N	Sulfur	Dissimilatory sulfate reduction, sulfate => H2S	K00394
N	Sulfur	Dissimilatory sulfate reduction, sulfate => H2S	K00395
N	Sulfur	Dissimilatory sulfate reduction, sulfate => H2S	K00956
N	Sulfur	Dissimilatory sulfate reduction, sulfate => H2S	K00957
N	Sulfur	Dissimilatory sulfate reduction, sulfate => H2S	K00958
N	Sulfur	Dissimilatory sulfate reduction, sulfate => H2S	K11180
N	Sulfur	Dissimilatory sulfate reduction, sulfate => H2S	K11181
Transporters	Sulfur	Sulfate/thiosulfate transport system	K02045
Transporters	Sulfur	Sulfate/thiosulfate transport system	K02046
Transporters	Sulfur	Sulfate/thiosulfate transport system	K02047
Transporters	Sulfur	Sulfate/thiosulfate transport system	K02048
Transporters	Sulfur	Sulfate/thiosulfate transport system	K23163
Transporters	Sulfur	Sulfonate transport system	K15553
Transporters	Sulfur	Sulfonate transport system	K15554
Transporters	Sulfur	Sulfonate transport system	K15555
N	Sulfur	Thiosulfate oxidation by SOX complex, thiosulfate => sulfate	K17222
N	Sulfur	Thiosulfate oxidation by SOX complex, thiosulfate => sulfate	K17223
N	Sulfur	Thiosulfate oxidation by SOX complex, thiosulfate => sulfate	K17224
N	Sulfur	Thiosulfate oxidation by SOX complex, thiosulfate => sulfate	K17225
N	Sulfur	Thiosulfate oxidation by SOX complex, thiosulfate => sulfate	K17226
N	Sulfur	Thiosulfate oxidation by SOX complex, thiosulfate => sulfate	K17227
N	Sulfur	Thiosulfate oxidation by SOX complex, thiosulfate => sulfate	K22622
N	Arsenic	Arsenate	EC:1.20.4.1
N	Arsenic	Arsenate	EC:1.20.99.1
MISC	Vitamin B12	Cobalamin biosynthesis, cobinamide => cobalamin	K00798
MISC	Vitamin B12	Cobalamin biosynthesis, cobinamide => cobalamin	K02225
MISC	Vitamin B12	Cobalamin biosynthesis, cobinamide => cobalamin	K02227
MISC	Vitamin B12	Cobalamin biosynthesis, cobinamide => cobalamin	K02231
MISC	Vitamin B12	Cobalamin biosynthesis, cobinamide => cobalamin	K02232
MISC	Vitamin B12	Cobalamin biosynthesis, cobinamide => cobalamin	K02233
MISC	Vitamin B12	Cobalamin biosynthesis, cobinamide => cobalamin	K19221
MISC	Vitamin B12	Cobalamin biosynthesis, cobinamide => cobalamin	K19712
MISC	Vitamin B12	Cobalamin biosynthesis, precorrin2 => cobinamide	K00595
MISC	Vitamin B12	Cobalamin biosynthesis, precorrin2 => cobinamide	K02188
MISC	Vitamin B12	Cobalamin biosynthesis, precorrin2 => cobinamide	K02189
MISC	Vitamin B12	Cobalamin biosynthesis, precorrin2 => cobinamide	K02190
MISC	Vitamin B12	Cobalamin biosynthesis, precorrin2 => cobinamide	K02191
MISC	Vitamin B12	Cobalamin biosynthesis, precorrin2 => cobinamide	K02224
MISC	Vitamin B12	Cobalamin biosynthesis, precorrin2 => cobinamide	K02228
MISC	Vitamin B12	Cobalamin biosynthesis, precorrin2 => cobinamide	K02229
MISC	Vitamin B12	Cobalamin biosynthesis, precorrin2 => cobinamide	K02230
MISC	Vitamin B12	Cobalamin biosynthesis, precorrin2 => cobinamide	K02302
MISC	Vitamin B12	Cobalamin biosynthesis, precorrin2 => cobinamide	K02304
MISC	Vitamin B12	Cobalamin biosynthesis, precorrin2 => cobinamide	K03394
MISC	Vitamin B12	Cobalamin biosynthesis, precorrin2 => cobinamide	K03399
MISC	Vitamin B12	Cobalamin biosynthesis, precorrin2 => cobinamide	K03795
MISC	Vitamin B12	Cobalamin biosynthesis, precorrin2 => cobinamide	K05895
MISC	Vitamin B12	Cobalamin biosynthesis, precorrin2 => cobinamide	K05934
MISC	Vitamin B12	Cobalamin biosynthesis, precorrin2 => cobinamide	K05936
MISC	Vitamin B12	Cobalamin biosynthesis, precorrin2 => cobinamide	K06042
MISC	Vitamin B12	Cobalamin biosynthesis, precorrin2 => cobinamide	K09882
MISC	Vitamin B12	Cobalamin biosynthesis, precorrin2 => cobinamide	K09883
MISC	Vitamin B12	Cobalamin biosynthesis, precorrin2 => cobinamide	K13540
MISC	Vitamin B12	Cobalamin biosynthesis, precorrin2 => cobinamide	K13541
MISC	Vitamin B12	Cobalamin biosynthesis, precorrin2 => cobinamide	K13786
MISC	Vitamin B12	Cobalamin biosynthesis, precorrin2 => cobinamide	K21479
MISC	Vitamin B12	Cobalamin biosynthesis, precorrin2 => cobinamide	K22011
Transporters	Vitamin B12	Cobalamin salvage	K06073
Transporters	Vitamin B12	Cobalamin salvage	K06074
Transporters	Vitamin B12	Cobalamin salvage	K06858
Transporters	Vitamin B12	Cobalamin salvage	K16092
Transporters	Vitamin B12	Vitamin B12 transport system	K06073
Transporters	Vitamin B12	Vitamin B12 transport system	K06074
Transporters	Vitamin B12	Vitamin B12 transport system	K06858
MISC	Motility	Flagellar Assembly	K02386
MISC	Motility	Flagellar Assembly	K02387
MISC	Motility	Flagellar Assembly	K02388
MISC	Motility	Flagellar Assembly	K02389
MISC	Motility	Flagellar Assembly	K02390
MISC	Motility	Flagellar Assembly	K02391
MISC	Motility	Flagellar Assembly	K02392
MISC	Motility	Flagellar Assembly	K02393
MISC	Motility	Flagellar Assembly	K02394
MISC	Motility	Flagellar Assembly	K02396
MISC	Motility	Flagellar Assembly	K02397
MISC	Motility	Flagellar Assembly	K02399
MISC	Motility	Flagellar Assembly	K02400
MISC	Motility	Flagellar Assembly	K02401
MISC	Motility	Flagellar Assembly	K02406
MISC	Motility	Flagellar Assembly	K02407
MISC	Motility	Flagellar Assembly	K02408
MISC	Motility	Flagellar Assembly	K02409
MISC	Motility	Flagellar Assembly	K02410
MISC	Motility	Flagellar Assembly	K02411
MISC	Motility	Flagellar Assembly	K02412
MISC	Motility	Flagellar Assembly	K02413
MISC	Motility	Flagellar Assembly	K02414
MISC	Motility	Flagellar Assembly	K02416
MISC	Motility	Flagellar Assembly	K02417
MISC	Motility	Flagellar Assembly	K02418
MISC	Motility	Flagellar Assembly	K02419
MISC	Motility	Flagellar Assembly	K02420
MISC	Motility	Flagellar Assembly	K02421
MISC	Motility	Flagellar Assembly	K02422
MISC	Motility	Flagellar Assembly	K02423
MISC	Motility	Flagellar Assembly	K02556
MISC	Motility	Flagellar Assembly	K02557
MISC	Motility	Flagellar Assembly	K13820
MISC	Motility	Flagellar Assembly	K21217
MISC	Motility	Flagellar Assembly	K21218
